===================================================
Push Failure Investigation
Started: Mon Jul 13 11:26:09 AM EDT 2026
===================================================


###################################################
Package: ConnectivityMap
Time: Mon Jul 13 11:26:09 AM EDT 2026
###################################################
[CLONE]
Cloning into bare repository 'ConnectivityMap.git'...
[PUSH]
remote: error: Trace: 642c4b836b0cb343c5f9eaf766390d4f567073ddeeef83914e1faec39b5796ed        
remote: error: See https://gh.io/lfs for more information.        
remote: error: File data/rankMatrix.RData is 236.68 MB; this exceeds GitHub's file size limit of 100.00 MB        
remote: error: GH001: Large files detected. You may want to try Git Large File Storage - https://git-lfs.github.com.        
To github.com:bioconductor-source/ConnectivityMap.git
 ! [remote rejected] devel -> devel (pre-receive hook declined)
 ! [remote rejected] RELEASE_2_13 -> RELEASE_2_13 (pre-receive hook declined)
 ! [remote rejected] RELEASE_2_14 -> RELEASE_2_14 (pre-receive hook declined)
 ! [remote rejected] RELEASE_3_0 -> RELEASE_3_0 (pre-receive hook declined)
 ! [remote rejected] RELEASE_3_1 -> RELEASE_3_1 (pre-receive hook declined)
 ! [remote rejected] RELEASE_3_10 -> RELEASE_3_10 (pre-receive hook declined)
 ! [remote rejected] RELEASE_3_11 -> RELEASE_3_11 (pre-receive hook declined)
 ! [remote rejected] RELEASE_3_12 -> RELEASE_3_12 (pre-receive hook declined)
 ! [remote rejected] RELEASE_3_13 -> RELEASE_3_13 (pre-receive hook declined)
 ! [remote rejected] RELEASE_3_14 -> RELEASE_3_14 (pre-receive hook declined)
 ! [remote rejected] RELEASE_3_15 -> RELEASE_3_15 (pre-receive hook declined)
 ! [remote rejected] RELEASE_3_16 -> RELEASE_3_16 (pre-receive hook declined)
 ! [remote rejected] RELEASE_3_17 -> RELEASE_3_17 (pre-receive hook declined)
 ! [remote rejected] RELEASE_3_18 -> RELEASE_3_18 (pre-receive hook declined)
 ! [remote rejected] RELEASE_3_19 -> RELEASE_3_19 (pre-receive hook declined)
 ! [remote rejected] RELEASE_3_2 -> RELEASE_3_2 (pre-receive hook declined)
 ! [remote rejected] RELEASE_3_20 -> RELEASE_3_20 (pre-receive hook declined)
 ! [remote rejected] RELEASE_3_21 -> RELEASE_3_21 (pre-receive hook declined)
 ! [remote rejected] RELEASE_3_22 -> RELEASE_3_22 (pre-receive hook declined)
 ! [remote rejected] RELEASE_3_23 -> RELEASE_3_23 (pre-receive hook declined)
 ! [remote rejected] RELEASE_3_3 -> RELEASE_3_3 (pre-receive hook declined)
 ! [remote rejected] RELEASE_3_4 -> RELEASE_3_4 (pre-receive hook declined)
 ! [remote rejected] RELEASE_3_5 -> RELEASE_3_5 (pre-receive hook declined)
 ! [remote rejected] RELEASE_3_6 -> RELEASE_3_6 (pre-receive hook declined)
 ! [remote rejected] RELEASE_3_7 -> RELEASE_3_7 (pre-receive hook declined)
 ! [remote rejected] RELEASE_3_8 -> RELEASE_3_8 (pre-receive hook declined)
 ! [remote rejected] RELEASE_3_9 -> RELEASE_3_9 (pre-receive hook declined)
error: failed to push some refs to 'github.com:bioconductor-source/ConnectivityMap.git'

[EXIT CODE] 1

###################################################
Package: curatedBreastData
Time: Mon Jul 13 11:26:50 AM EDT 2026
###################################################
[CLONE]
Cloning into bare repository 'curatedBreastData.git'...
[PUSH]
remote: error: Trace: b8545f5ff8a4b3361b7d1c660f7cdf32b9c5cbcfbc3fec97a66c0d7109b285a6        
remote: error: See https://gh.io/lfs for more information.        
remote: error: File data/curatedBreastDataExprSetList.rda is 282.62 MB; this exceeds GitHub's file size limit of 100.00 MB        
remote: error: GH001: Large files detected. You may want to try Git Large File Storage - https://git-lfs.github.com.        
To github.com:bioconductor-source/curatedBreastData.git
 ! [remote rejected] RELEASE_3_1 -> RELEASE_3_1 (pre-receive hook declined)
 ! [remote rejected] RELEASE_3_10 -> RELEASE_3_10 (pre-receive hook declined)
 ! [remote rejected] RELEASE_3_11 -> RELEASE_3_11 (pre-receive hook declined)
 ! [remote rejected] RELEASE_3_12 -> RELEASE_3_12 (pre-receive hook declined)
 ! [remote rejected] RELEASE_3_13 -> RELEASE_3_13 (pre-receive hook declined)
 ! [remote rejected] RELEASE_3_14 -> RELEASE_3_14 (pre-receive hook declined)
 ! [remote rejected] RELEASE_3_15 -> RELEASE_3_15 (pre-receive hook declined)
 ! [remote rejected] RELEASE_3_16 -> RELEASE_3_16 (pre-receive hook declined)
 ! [remote rejected] RELEASE_3_17 -> RELEASE_3_17 (pre-receive hook declined)
 ! [remote rejected] RELEASE_3_18 -> RELEASE_3_18 (pre-receive hook declined)
 ! [remote rejected] RELEASE_3_19 -> RELEASE_3_19 (pre-receive hook declined)
 ! [remote rejected] RELEASE_3_2 -> RELEASE_3_2 (pre-receive hook declined)
 ! [remote rejected] RELEASE_3_20 -> RELEASE_3_20 (pre-receive hook declined)
 ! [remote rejected] RELEASE_3_21 -> RELEASE_3_21 (pre-receive hook declined)
 ! [remote rejected] RELEASE_3_22 -> RELEASE_3_22 (pre-receive hook declined)
 ! [remote rejected] RELEASE_3_23 -> RELEASE_3_23 (pre-receive hook declined)
 ! [remote rejected] RELEASE_3_3 -> RELEASE_3_3 (pre-receive hook declined)
 ! [remote rejected] RELEASE_3_4 -> RELEASE_3_4 (pre-receive hook declined)
 ! [remote rejected] RELEASE_3_5 -> RELEASE_3_5 (pre-receive hook declined)
 ! [remote rejected] RELEASE_3_6 -> RELEASE_3_6 (pre-receive hook declined)
 ! [remote rejected] RELEASE_3_7 -> RELEASE_3_7 (pre-receive hook declined)
 ! [remote rejected] RELEASE_3_8 -> RELEASE_3_8 (pre-receive hook declined)
 ! [remote rejected] RELEASE_3_9 -> RELEASE_3_9 (pre-receive hook declined)
 ! [remote rejected] devel -> devel (pre-receive hook declined)
error: failed to push some refs to 'github.com:bioconductor-source/curatedBreastData.git'

[EXIT CODE] 1

###################################################
Package: Fletcher2013b
Time: Mon Jul 13 11:27:34 AM EDT 2026
###################################################
[CLONE]
Cloning into bare repository 'Fletcher2013b.git'...
[PUSH]
remote: warning: File data/rtni2nd.RData is 86.28 MB; this is larger than GitHub's recommended maximum file size of 50.00 MB        
remote: warning: File data/rtni2nd.RData is 86.16 MB; this is larger than GitHub's recommended maximum file size of 50.00 MB        
remote: warning: File data/rtni2nd.RData is 86.27 MB; this is larger than GitHub's recommended maximum file size of 50.00 MB        
remote: error: Trace: 2dab07da8b3a52f4060b5a14b482ed8575d0ea17ea9bd98ba461f83a21d90b50        
remote: error: See https://gh.io/lfs for more information.        
remote: error: File data/rtni1st.RData is 147.10 MB; this exceeds GitHub's file size limit of 100.00 MB        
remote: error: File data/rtni1st.RData is 146.78 MB; this exceeds GitHub's file size limit of 100.00 MB        
remote: error: File data/rtni1st.RData is 147.09 MB; this exceeds GitHub's file size limit of 100.00 MB        
remote: error: GH001: Large files detected. You may want to try Git Large File Storage - https://git-lfs.github.com.        
To github.com:bioconductor-source/Fletcher2013b.git
 ! [remote rejected] devel -> devel (pre-receive hook declined)
 ! [remote rejected] RELEASE_2_13 -> RELEASE_2_13 (pre-receive hook declined)
 ! [remote rejected] RELEASE_2_14 -> RELEASE_2_14 (pre-receive hook declined)
 ! [remote rejected] RELEASE_3_0 -> RELEASE_3_0 (pre-receive hook declined)
 ! [remote rejected] RELEASE_3_1 -> RELEASE_3_1 (pre-receive hook declined)
 ! [remote rejected] RELEASE_3_10 -> RELEASE_3_10 (pre-receive hook declined)
 ! [remote rejected] RELEASE_3_11 -> RELEASE_3_11 (pre-receive hook declined)
 ! [remote rejected] RELEASE_3_12 -> RELEASE_3_12 (pre-receive hook declined)
 ! [remote rejected] RELEASE_3_13 -> RELEASE_3_13 (pre-receive hook declined)
 ! [remote rejected] RELEASE_3_14 -> RELEASE_3_14 (pre-receive hook declined)
 ! [remote rejected] RELEASE_3_15 -> RELEASE_3_15 (pre-receive hook declined)
 ! [remote rejected] RELEASE_3_16 -> RELEASE_3_16 (pre-receive hook declined)
 ! [remote rejected] RELEASE_3_17 -> RELEASE_3_17 (pre-receive hook declined)
 ! [remote rejected] RELEASE_3_18 -> RELEASE_3_18 (pre-receive hook declined)
 ! [remote rejected] RELEASE_3_19 -> RELEASE_3_19 (pre-receive hook declined)
 ! [remote rejected] RELEASE_3_2 -> RELEASE_3_2 (pre-receive hook declined)
 ! [remote rejected] RELEASE_3_20 -> RELEASE_3_20 (pre-receive hook declined)
 ! [remote rejected] RELEASE_3_21 -> RELEASE_3_21 (pre-receive hook declined)
 ! [remote rejected] RELEASE_3_22 -> RELEASE_3_22 (pre-receive hook declined)
 ! [remote rejected] RELEASE_3_23 -> RELEASE_3_23 (pre-receive hook declined)
 ! [remote rejected] RELEASE_3_3 -> RELEASE_3_3 (pre-receive hook declined)
 ! [remote rejected] RELEASE_3_4 -> RELEASE_3_4 (pre-receive hook declined)
 ! [remote rejected] RELEASE_3_5 -> RELEASE_3_5 (pre-receive hook declined)
 ! [remote rejected] RELEASE_3_6 -> RELEASE_3_6 (pre-receive hook declined)
 ! [remote rejected] RELEASE_3_7 -> RELEASE_3_7 (pre-receive hook declined)
 ! [remote rejected] RELEASE_3_8 -> RELEASE_3_8 (pre-receive hook declined)
 ! [remote rejected] RELEASE_3_9 -> RELEASE_3_9 (pre-receive hook declined)
error: failed to push some refs to 'github.com:bioconductor-source/Fletcher2013b.git'

[EXIT CODE] 1

###################################################
Package: RnBeads.hg19
Time: Mon Jul 13 11:29:25 AM EDT 2026
###################################################
[CLONE]
Cloning into bare repository 'RnBeads.hg19.git'...
[PUSH]
remote: warning: File data/CpG.RData is 67.02 MB; this is larger than GitHub's recommended maximum file size of 50.00 MB        
remote: warning: File data/CpG.RData is 66.97 MB; this is larger than GitHub's recommended maximum file size of 50.00 MB        
remote: error: Trace: 08ddd1a639f404e5548de66a4124a5f9c89646cbfb871fd53f6addd03af2ba3a        
remote: error: See https://gh.io/lfs for more information.        
remote: error: File data/CpG.RData is 102.59 MB; this exceeds GitHub's file size limit of 100.00 MB        
remote: error: GH001: Large files detected. You may want to try Git Large File Storage - https://git-lfs.github.com.        
To github.com:bioconductor-source/RnBeads.hg19.git
 ! [remote rejected] RELEASE_3_1 -> RELEASE_3_1 (pre-receive hook declined)
 ! [remote rejected] RELEASE_3_10 -> RELEASE_3_10 (pre-receive hook declined)
 ! [remote rejected] RELEASE_3_11 -> RELEASE_3_11 (pre-receive hook declined)
 ! [remote rejected] RELEASE_3_12 -> RELEASE_3_12 (pre-receive hook declined)
 ! [remote rejected] RELEASE_3_13 -> RELEASE_3_13 (pre-receive hook declined)
 ! [remote rejected] RELEASE_3_14 -> RELEASE_3_14 (pre-receive hook declined)
 ! [remote rejected] RELEASE_3_15 -> RELEASE_3_15 (pre-receive hook declined)
 ! [remote rejected] RELEASE_3_16 -> RELEASE_3_16 (pre-receive hook declined)
 ! [remote rejected] RELEASE_3_17 -> RELEASE_3_17 (pre-receive hook declined)
 ! [remote rejected] RELEASE_3_18 -> RELEASE_3_18 (pre-receive hook declined)
 ! [remote rejected] RELEASE_3_19 -> RELEASE_3_19 (pre-receive hook declined)
 ! [remote rejected] RELEASE_3_2 -> RELEASE_3_2 (pre-receive hook declined)
 ! [remote rejected] RELEASE_3_20 -> RELEASE_3_20 (pre-receive hook declined)
 ! [remote rejected] RELEASE_3_21 -> RELEASE_3_21 (pre-receive hook declined)
 ! [remote rejected] RELEASE_3_22 -> RELEASE_3_22 (pre-receive hook declined)
 ! [remote rejected] RELEASE_3_23 -> RELEASE_3_23 (pre-receive hook declined)
 ! [remote rejected] RELEASE_3_3 -> RELEASE_3_3 (pre-receive hook declined)
 ! [remote rejected] RELEASE_3_4 -> RELEASE_3_4 (pre-receive hook declined)
 ! [remote rejected] RELEASE_3_5 -> RELEASE_3_5 (pre-receive hook declined)
 ! [remote rejected] RELEASE_3_6 -> RELEASE_3_6 (pre-receive hook declined)
 ! [remote rejected] RELEASE_3_7 -> RELEASE_3_7 (pre-receive hook declined)
 ! [remote rejected] RELEASE_3_8 -> RELEASE_3_8 (pre-receive hook declined)
 ! [remote rejected] RELEASE_3_9 -> RELEASE_3_9 (pre-receive hook declined)
 ! [remote rejected] devel -> devel (pre-receive hook declined)
error: failed to push some refs to 'github.com:bioconductor-source/RnBeads.hg19.git'

[EXIT CODE] 1

###################################################
Package: rRDPData
Time: Mon Jul 13 11:30:45 AM EDT 2026
###################################################
[CLONE]
Cloning into bare repository 'rRDPData.git'...
[PUSH]
remote: warning: File inst/extdata/fungalits_warcup/genus_wordConditionalProbList.txt is 74.98 MB; this is larger than GitHub's recommended maximum file size of 50.00 MB        
remote: error: Trace: da4a1dc67f5ee1af753227f6c8b3ecfadc7f3da7af0c8777dc38f9e8eddf7ee6        
remote: error: See https://gh.io/lfs for more information.        
remote: error: File inst/extdata/16srrna/genus_wordConditionalProbList.txt is 111.16 MB; this exceeds GitHub's file size limit of 100.00 MB        
remote: error: File inst/extdata/fungalits_unite/genus_wordConditionalProbList.txt is 314.19 MB; this exceeds GitHub's file size limit of 100.00 MB        
remote: error: GH001: Large files detected. You may want to try Git Large File Storage - https://git-lfs.github.com.        
To github.com:bioconductor-source/rRDPData.git
 ! [remote rejected] devel -> devel (pre-receive hook declined)
 ! [remote rejected] RELEASE_3_0 -> RELEASE_3_0 (pre-receive hook declined)
 ! [remote rejected] RELEASE_3_1 -> RELEASE_3_1 (pre-receive hook declined)
 ! [remote rejected] RELEASE_3_10 -> RELEASE_3_10 (pre-receive hook declined)
 ! [remote rejected] RELEASE_3_11 -> RELEASE_3_11 (pre-receive hook declined)
 ! [remote rejected] RELEASE_3_12 -> RELEASE_3_12 (pre-receive hook declined)
 ! [remote rejected] RELEASE_3_13 -> RELEASE_3_13 (pre-receive hook declined)
 ! [remote rejected] RELEASE_3_14 -> RELEASE_3_14 (pre-receive hook declined)
 ! [remote rejected] RELEASE_3_15 -> RELEASE_3_15 (pre-receive hook declined)
 ! [remote rejected] RELEASE_3_16 -> RELEASE_3_16 (pre-receive hook declined)
 ! [remote rejected] RELEASE_3_17 -> RELEASE_3_17 (pre-receive hook declined)
 ! [remote rejected] RELEASE_3_18 -> RELEASE_3_18 (pre-receive hook declined)
 ! [remote rejected] RELEASE_3_19 -> RELEASE_3_19 (pre-receive hook declined)
 ! [remote rejected] RELEASE_3_2 -> RELEASE_3_2 (pre-receive hook declined)
 ! [remote rejected] RELEASE_3_20 -> RELEASE_3_20 (pre-receive hook declined)
 ! [remote rejected] RELEASE_3_21 -> RELEASE_3_21 (pre-receive hook declined)
 ! [remote rejected] RELEASE_3_22 -> RELEASE_3_22 (pre-receive hook declined)
 ! [remote rejected] RELEASE_3_3 -> RELEASE_3_3 (pre-receive hook declined)
 ! [remote rejected] RELEASE_3_4 -> RELEASE_3_4 (pre-receive hook declined)
 ! [remote rejected] RELEASE_3_5 -> RELEASE_3_5 (pre-receive hook declined)
 ! [remote rejected] RELEASE_3_6 -> RELEASE_3_6 (pre-receive hook declined)
 ! [remote rejected] RELEASE_3_7 -> RELEASE_3_7 (pre-receive hook declined)
 ! [remote rejected] RELEASE_3_8 -> RELEASE_3_8 (pre-receive hook declined)
 ! [remote rejected] RELEASE_3_9 -> RELEASE_3_9 (pre-receive hook declined)
error: failed to push some refs to 'github.com:bioconductor-source/rRDPData.git'

[EXIT CODE] 1

###################################################
Package: Hiiragi2013
Time: Mon Jul 13 11:33:01 AM EDT 2026
###################################################
[CLONE]
Cloning into bare repository 'Hiiragi2013.git'...
[PUSH]
remote: error: Trace: 962e1a30e92cf82baccaaaa1a8201af229ef483c02840ca5a58e3240f161c53c        
remote: error: See https://gh.io/lfs for more information.        
remote: error: File data/a.rda is 107.05 MB; this exceeds GitHub's file size limit of 100.00 MB        
remote: error: GH001: Large files detected. You may want to try Git Large File Storage - https://git-lfs.github.com.        
To github.com:bioconductor-source/Hiiragi2013.git
 ! [remote rejected] devel -> devel (pre-receive hook declined)
 ! [remote rejected] RELEASE_2_13 -> RELEASE_2_13 (pre-receive hook declined)
 ! [remote rejected] RELEASE_2_14 -> RELEASE_2_14 (pre-receive hook declined)
 ! [remote rejected] RELEASE_3_0 -> RELEASE_3_0 (pre-receive hook declined)
 ! [remote rejected] RELEASE_3_1 -> RELEASE_3_1 (pre-receive hook declined)
 ! [remote rejected] RELEASE_3_10 -> RELEASE_3_10 (pre-receive hook declined)
 ! [remote rejected] RELEASE_3_11 -> RELEASE_3_11 (pre-receive hook declined)
 ! [remote rejected] RELEASE_3_12 -> RELEASE_3_12 (pre-receive hook declined)
 ! [remote rejected] RELEASE_3_13 -> RELEASE_3_13 (pre-receive hook declined)
 ! [remote rejected] RELEASE_3_14 -> RELEASE_3_14 (pre-receive hook declined)
 ! [remote rejected] RELEASE_3_15 -> RELEASE_3_15 (pre-receive hook declined)
 ! [remote rejected] RELEASE_3_16 -> RELEASE_3_16 (pre-receive hook declined)
 ! [remote rejected] RELEASE_3_17 -> RELEASE_3_17 (pre-receive hook declined)
 ! [remote rejected] RELEASE_3_18 -> RELEASE_3_18 (pre-receive hook declined)
 ! [remote rejected] RELEASE_3_19 -> RELEASE_3_19 (pre-receive hook declined)
 ! [remote rejected] RELEASE_3_2 -> RELEASE_3_2 (pre-receive hook declined)
 ! [remote rejected] RELEASE_3_20 -> RELEASE_3_20 (pre-receive hook declined)
 ! [remote rejected] RELEASE_3_21 -> RELEASE_3_21 (pre-receive hook declined)
 ! [remote rejected] RELEASE_3_22 -> RELEASE_3_22 (pre-receive hook declined)
 ! [remote rejected] RELEASE_3_23 -> RELEASE_3_23 (pre-receive hook declined)
 ! [remote rejected] RELEASE_3_3 -> RELEASE_3_3 (pre-receive hook declined)
 ! [remote rejected] RELEASE_3_4 -> RELEASE_3_4 (pre-receive hook declined)
 ! [remote rejected] RELEASE_3_5 -> RELEASE_3_5 (pre-receive hook declined)
 ! [remote rejected] RELEASE_3_6 -> RELEASE_3_6 (pre-receive hook declined)
 ! [remote rejected] RELEASE_3_7 -> RELEASE_3_7 (pre-receive hook declined)
 ! [remote rejected] RELEASE_3_8 -> RELEASE_3_8 (pre-receive hook declined)
 ! [remote rejected] RELEASE_3_9 -> RELEASE_3_9 (pre-receive hook declined)
error: failed to push some refs to 'github.com:bioconductor-source/Hiiragi2013.git'

[EXIT CODE] 1

###################################################
Package: scMultiome
Time: Mon Jul 13 11:33:25 AM EDT 2026
###################################################
[CLONE]
Cloning into bare repository 'scMultiome.git'...
[PUSH]
remote: error: GH013: Repository rule violations found for refs/heads/RELEASE_3_17.        
remote: 
remote: - GITHUB PUSH PROTECTION        
remote:   —————————————————————————————————————————        
remote:     Resolve the following violations before pushing again        
remote: 
remote:     - Push cannot contain secrets        
remote: 
remote:             
remote:      (?) Learn how to resolve a blocked push        
remote:      https://docs.github.com/code-security/secret-scanning/working-with-secret-scanning-and-push-protection/working-with-push-protection-from-the-command-line#resolving-a-blocked-push        
remote:             
remote:      (?) This repository does not have Secret Scanning enabled, but is eligible. Enable Secret Scanning to view and manage detected secrets.        
remote:      Visit the repository settings page, https://github.com/bioconductor-source/scMultiome/settings/security_analysis        
remote:             
remote:             
remote:       —— GitHub Personal Access Token ——————————————————————        
remote:        locations:        
remote:          - commit: 941bd35705407423fa0b7dbb18ffa6e7b791c260        
remote:            path: .github/workflows/R-CMD-check.yaml:11        
remote:             
remote:        (?) To push, remove secret from commit(s) or follow this URL to allow the secret.        
remote:        https://github.com/bioconductor-source/scMultiome/security/secret-scanning/unblock-secret/3GSEwftZFSolc3g4Lt8hAcwWTN4        
remote:             
remote:             
remote:       —— GitHub Personal Access Token ——————————————————————        
remote:        locations:        
remote:          - commit: dce06f078307bb8b1a6ae274bb11cb43f5704f17        
remote:            path: .github/workflows/R-CMD-check.yaml:21        
remote:          - commit: 62135814a8b6bf95cc20a961cdede49ecb9df3fa        
remote:            path: .github/workflows/R-CMD-check.yaml:21        
remote:             
remote:        (?) To push, remove secret from commit(s) or follow this URL to allow the secret.        
remote:        https://github.com/bioconductor-source/scMultiome/security/secret-scanning/unblock-secret/3GSEwgsctS6ULMzO1gNVRjnFR9N        
remote:             
remote: 
remote: 
remote: error: GH013: Repository rule violations found for refs/heads/RELEASE_3_18.        
remote: 
remote: - GITHUB PUSH PROTECTION        
remote:   —————————————————————————————————————————        
remote:     Resolve the following violations before pushing again        
remote: 
remote:     - Push cannot contain secrets        
remote: 
remote:             
remote:      (?) Learn how to resolve a blocked push        
remote:      https://docs.github.com/code-security/secret-scanning/working-with-secret-scanning-and-push-protection/working-with-push-protection-from-the-command-line#resolving-a-blocked-push        
remote:             
remote:      (?) This repository does not have Secret Scanning enabled, but is eligible. Enable Secret Scanning to view and manage detected secrets.        
remote:      Visit the repository settings page, https://github.com/bioconductor-source/scMultiome/settings/security_analysis        
remote:             
remote:             
remote:       —— GitHub Personal Access Token ——————————————————————        
remote:        locations:        
remote:          - commit: 941bd35705407423fa0b7dbb18ffa6e7b791c260        
remote:            path: .github/workflows/R-CMD-check.yaml:11        
remote:             
remote:        (?) To push, remove secret from commit(s) or follow this URL to allow the secret.        
remote:        https://github.com/bioconductor-source/scMultiome/security/secret-scanning/unblock-secret/3GSEwftZFSolc3g4Lt8hAcwWTN4        
remote:             
remote:             
remote:       —— GitHub Personal Access Token ——————————————————————        
remote:        locations:        
remote:          - commit: dce06f078307bb8b1a6ae274bb11cb43f5704f17        
remote:            path: .github/workflows/R-CMD-check.yaml:21        
remote:          - commit: 62135814a8b6bf95cc20a961cdede49ecb9df3fa        
remote:            path: .github/workflows/R-CMD-check.yaml:21        
remote:             
remote:        (?) To push, remove secret from commit(s) or follow this URL to allow the secret.        
remote:        https://github.com/bioconductor-source/scMultiome/security/secret-scanning/unblock-secret/3GSEwgsctS6ULMzO1gNVRjnFR9N        
remote:             
remote: 
remote: 
remote: error: GH013: Repository rule violations found for refs/heads/RELEASE_3_19.        
remote: 
remote: - GITHUB PUSH PROTECTION        
remote:   —————————————————————————————————————————        
remote:     Resolve the following violations before pushing again        
remote: 
remote:     - Push cannot contain secrets        
remote: 
remote:             
remote:      (?) Learn how to resolve a blocked push        
remote:      https://docs.github.com/code-security/secret-scanning/working-with-secret-scanning-and-push-protection/working-with-push-protection-from-the-command-line#resolving-a-blocked-push        
remote:             
remote:      (?) This repository does not have Secret Scanning enabled, but is eligible. Enable Secret Scanning to view and manage detected secrets.        
remote:      Visit the repository settings page, https://github.com/bioconductor-source/scMultiome/settings/security_analysis        
remote:             
remote:             
remote:       —— GitHub Personal Access Token ——————————————————————        
remote:        locations:        
remote:          - commit: 941bd35705407423fa0b7dbb18ffa6e7b791c260        
remote:            path: .github/workflows/R-CMD-check.yaml:11        
remote:             
remote:        (?) To push, remove secret from commit(s) or follow this URL to allow the secret.        
remote:        https://github.com/bioconductor-source/scMultiome/security/secret-scanning/unblock-secret/3GSEwftZFSolc3g4Lt8hAcwWTN4        
remote:             
remote:             
remote:       —— GitHub Personal Access Token ——————————————————————        
remote:        locations:        
remote:          - commit: dce06f078307bb8b1a6ae274bb11cb43f5704f17        
remote:            path: .github/workflows/R-CMD-check.yaml:21        
remote:          - commit: 62135814a8b6bf95cc20a961cdede49ecb9df3fa        
remote:            path: .github/workflows/R-CMD-check.yaml:21        
remote:             
remote:        (?) To push, remove secret from commit(s) or follow this URL to allow the secret.        
remote:        https://github.com/bioconductor-source/scMultiome/security/secret-scanning/unblock-secret/3GSEwgsctS6ULMzO1gNVRjnFR9N        
remote:             
remote: 
remote: 
remote: error: GH013: Repository rule violations found for refs/heads/RELEASE_3_20.        
remote: 
remote: - GITHUB PUSH PROTECTION        
remote:   —————————————————————————————————————————        
remote:     Resolve the following violations before pushing again        
remote: 
remote:     - Push cannot contain secrets        
remote: 
remote:             
remote:      (?) Learn how to resolve a blocked push        
remote:      https://docs.github.com/code-security/secret-scanning/working-with-secret-scanning-and-push-protection/working-with-push-protection-from-the-command-line#resolving-a-blocked-push        
remote:             
remote:      (?) This repository does not have Secret Scanning enabled, but is eligible. Enable Secret Scanning to view and manage detected secrets.        
remote:      Visit the repository settings page, https://github.com/bioconductor-source/scMultiome/settings/security_analysis        
remote:             
remote:             
remote:       —— GitHub Personal Access Token ——————————————————————        
remote:        locations:        
remote:          - commit: 941bd35705407423fa0b7dbb18ffa6e7b791c260        
remote:            path: .github/workflows/R-CMD-check.yaml:11        
remote:             
remote:        (?) To push, remove secret from commit(s) or follow this URL to allow the secret.        
remote:        https://github.com/bioconductor-source/scMultiome/security/secret-scanning/unblock-secret/3GSEwftZFSolc3g4Lt8hAcwWTN4        
remote:             
remote:             
remote:       —— GitHub Personal Access Token ——————————————————————        
remote:        locations:        
remote:          - commit: dce06f078307bb8b1a6ae274bb11cb43f5704f17        
remote:            path: .github/workflows/R-CMD-check.yaml:21        
remote:          - commit: 62135814a8b6bf95cc20a961cdede49ecb9df3fa        
remote:            path: .github/workflows/R-CMD-check.yaml:21        
remote:             
remote:        (?) To push, remove secret from commit(s) or follow this URL to allow the secret.        
remote:        https://github.com/bioconductor-source/scMultiome/security/secret-scanning/unblock-secret/3GSEwgsctS6ULMzO1gNVRjnFR9N        
remote:             
remote: 
remote: 
remote: error: GH013: Repository rule violations found for refs/heads/RELEASE_3_21.        
remote: 
remote: - GITHUB PUSH PROTECTION        
remote:   —————————————————————————————————————————        
remote:     Resolve the following violations before pushing again        
remote: 
remote:     - Push cannot contain secrets        
remote: 
remote:             
remote:      (?) Learn how to resolve a blocked push        
remote:      https://docs.github.com/code-security/secret-scanning/working-with-secret-scanning-and-push-protection/working-with-push-protection-from-the-command-line#resolving-a-blocked-push        
remote:             
remote:      (?) This repository does not have Secret Scanning enabled, but is eligible. Enable Secret Scanning to view and manage detected secrets.        
remote:      Visit the repository settings page, https://github.com/bioconductor-source/scMultiome/settings/security_analysis        
remote:             
remote:             
remote:       —— GitHub Personal Access Token ——————————————————————        
remote:        locations:        
remote:          - commit: 941bd35705407423fa0b7dbb18ffa6e7b791c260        
remote:            path: .github/workflows/R-CMD-check.yaml:11        
remote:             
remote:        (?) To push, remove secret from commit(s) or follow this URL to allow the secret.        
remote:        https://github.com/bioconductor-source/scMultiome/security/secret-scanning/unblock-secret/3GSEwftZFSolc3g4Lt8hAcwWTN4        
remote:             
remote:             
remote:       —— GitHub Personal Access Token ——————————————————————        
remote:        locations:        
remote:          - commit: dce06f078307bb8b1a6ae274bb11cb43f5704f17        
remote:            path: .github/workflows/R-CMD-check.yaml:21        
remote:          - commit: 62135814a8b6bf95cc20a961cdede49ecb9df3fa        
remote:            path: .github/workflows/R-CMD-check.yaml:21        
remote:             
remote:        (?) To push, remove secret from commit(s) or follow this URL to allow the secret.        
remote:        https://github.com/bioconductor-source/scMultiome/security/secret-scanning/unblock-secret/3GSEwgsctS6ULMzO1gNVRjnFR9N        
remote:             
remote: 
remote: 
remote: error: GH013: Repository rule violations found for refs/heads/RELEASE_3_22.        
remote: 
remote: - GITHUB PUSH PROTECTION        
remote:   —————————————————————————————————————————        
remote:     Resolve the following violations before pushing again        
remote: 
remote:     - Push cannot contain secrets        
remote: 
remote:             
remote:      (?) Learn how to resolve a blocked push        
remote:      https://docs.github.com/code-security/secret-scanning/working-with-secret-scanning-and-push-protection/working-with-push-protection-from-the-command-line#resolving-a-blocked-push        
remote:             
remote:      (?) This repository does not have Secret Scanning enabled, but is eligible. Enable Secret Scanning to view and manage detected secrets.        
remote:      Visit the repository settings page, https://github.com/bioconductor-source/scMultiome/settings/security_analysis        
remote:             
remote:             
remote:       —— GitHub Personal Access Token ——————————————————————        
remote:        locations:        
remote:          - commit: 941bd35705407423fa0b7dbb18ffa6e7b791c260        
remote:            path: .github/workflows/R-CMD-check.yaml:11        
remote:             
remote:        (?) To push, remove secret from commit(s) or follow this URL to allow the secret.        
remote:        https://github.com/bioconductor-source/scMultiome/security/secret-scanning/unblock-secret/3GSEwftZFSolc3g4Lt8hAcwWTN4        
remote:             
remote:             
remote:       —— GitHub Personal Access Token ——————————————————————        
remote:        locations:        
remote:          - commit: dce06f078307bb8b1a6ae274bb11cb43f5704f17        
remote:            path: .github/workflows/R-CMD-check.yaml:21        
remote:          - commit: 62135814a8b6bf95cc20a961cdede49ecb9df3fa        
remote:            path: .github/workflows/R-CMD-check.yaml:21        
remote:             
remote:        (?) To push, remove secret from commit(s) or follow this URL to allow the secret.        
remote:        https://github.com/bioconductor-source/scMultiome/security/secret-scanning/unblock-secret/3GSEwgsctS6ULMzO1gNVRjnFR9N        
remote:             
remote: 
remote: 
remote: error: GH013: Repository rule violations found for refs/heads/RELEASE_3_23.        
remote: 
remote: - GITHUB PUSH PROTECTION        
remote:   —————————————————————————————————————————        
remote:     Resolve the following violations before pushing again        
remote: 
remote:     - Push cannot contain secrets        
remote: 
remote:             
remote:      (?) Learn how to resolve a blocked push        
remote:      https://docs.github.com/code-security/secret-scanning/working-with-secret-scanning-and-push-protection/working-with-push-protection-from-the-command-line#resolving-a-blocked-push        
remote:             
remote:      (?) This repository does not have Secret Scanning enabled, but is eligible. Enable Secret Scanning to view and manage detected secrets.        
remote:      Visit the repository settings page, https://github.com/bioconductor-source/scMultiome/settings/security_analysis        
remote:             
remote:             
remote:       —— GitHub Personal Access Token ——————————————————————        
remote:        locations:        
remote:          - commit: 941bd35705407423fa0b7dbb18ffa6e7b791c260        
remote:            path: .github/workflows/R-CMD-check.yaml:11        
remote:             
remote:        (?) To push, remove secret from commit(s) or follow this URL to allow the secret.        
remote:        https://github.com/bioconductor-source/scMultiome/security/secret-scanning/unblock-secret/3GSEwftZFSolc3g4Lt8hAcwWTN4        
remote:             
remote:             
remote:       —— GitHub Personal Access Token ——————————————————————        
remote:        locations:        
remote:          - commit: dce06f078307bb8b1a6ae274bb11cb43f5704f17        
remote:            path: .github/workflows/R-CMD-check.yaml:21        
remote:          - commit: 62135814a8b6bf95cc20a961cdede49ecb9df3fa        
remote:            path: .github/workflows/R-CMD-check.yaml:21        
remote:             
remote:        (?) To push, remove secret from commit(s) or follow this URL to allow the secret.        
remote:        https://github.com/bioconductor-source/scMultiome/security/secret-scanning/unblock-secret/3GSEwgsctS6ULMzO1gNVRjnFR9N        
remote:             
remote: 
remote: 
remote: error: GH013: Repository rule violations found for refs/heads/devel.        
remote: 
remote: - GITHUB PUSH PROTECTION        
remote:   —————————————————————————————————————————        
remote:     Resolve the following violations before pushing again        
remote: 
remote:     - Push cannot contain secrets        
remote: 
remote:             
remote:      (?) Learn how to resolve a blocked push        
remote:      https://docs.github.com/code-security/secret-scanning/working-with-secret-scanning-and-push-protection/working-with-push-protection-from-the-command-line#resolving-a-blocked-push        
remote:             
remote:      (?) This repository does not have Secret Scanning enabled, but is eligible. Enable Secret Scanning to view and manage detected secrets.        
remote:      Visit the repository settings page, https://github.com/bioconductor-source/scMultiome/settings/security_analysis        
remote:             
remote:             
remote:       —— GitHub Personal Access Token ——————————————————————        
remote:        locations:        
remote:          - commit: 941bd35705407423fa0b7dbb18ffa6e7b791c260        
remote:            path: .github/workflows/R-CMD-check.yaml:11        
remote:             
remote:        (?) To push, remove secret from commit(s) or follow this URL to allow the secret.        
remote:        https://github.com/bioconductor-source/scMultiome/security/secret-scanning/unblock-secret/3GSEwftZFSolc3g4Lt8hAcwWTN4        
remote:             
remote:             
remote:       —— GitHub Personal Access Token ——————————————————————        
remote:        locations:        
remote:          - commit: dce06f078307bb8b1a6ae274bb11cb43f5704f17        
remote:            path: .github/workflows/R-CMD-check.yaml:21        
remote:          - commit: 62135814a8b6bf95cc20a961cdede49ecb9df3fa        
remote:            path: .github/workflows/R-CMD-check.yaml:21        
remote:             
remote:        (?) To push, remove secret from commit(s) or follow this URL to allow the secret.        
remote:        https://github.com/bioconductor-source/scMultiome/security/secret-scanning/unblock-secret/3GSEwgsctS6ULMzO1gNVRjnFR9N        
remote:             
remote: 
remote: 
To github.com:bioconductor-source/scMultiome.git
 ! [remote rejected] RELEASE_3_17 -> RELEASE_3_17 (push declined due to repository rule violations)
 ! [remote rejected] RELEASE_3_18 -> RELEASE_3_18 (push declined due to repository rule violations)
 ! [remote rejected] RELEASE_3_19 -> RELEASE_3_19 (push declined due to repository rule violations)
 ! [remote rejected] RELEASE_3_20 -> RELEASE_3_20 (push declined due to repository rule violations)
 ! [remote rejected] RELEASE_3_21 -> RELEASE_3_21 (push declined due to repository rule violations)
 ! [remote rejected] RELEASE_3_22 -> RELEASE_3_22 (push declined due to repository rule violations)
 ! [remote rejected] RELEASE_3_23 -> RELEASE_3_23 (push declined due to repository rule violations)
 ! [remote rejected] devel -> devel (push declined due to repository rule violations)
error: failed to push some refs to 'github.com:bioconductor-source/scMultiome.git'

[EXIT CODE] 1

###################################################
Package: ChIPXpressData
Time: Mon Jul 13 11:33:29 AM EDT 2026
###################################################
[CLONE]
Cloning into bare repository 'ChIPXpressData.git'...
[PUSH]
remote: fatal: pack exceeds maximum allowed size (2.00 GiB)        
error: remote unpack failed: index-pack failed
To github.com:bioconductor-source/ChIPXpressData.git
 ! [remote rejected] RELEASE_2_13 -> RELEASE_2_13 (failed)
 ! [remote rejected] RELEASE_2_14 -> RELEASE_2_14 (failed)
 ! [remote rejected] RELEASE_3_0 -> RELEASE_3_0 (failed)
 ! [remote rejected] RELEASE_3_1 -> RELEASE_3_1 (failed)
 ! [remote rejected] RELEASE_3_10 -> RELEASE_3_10 (failed)
 ! [remote rejected] RELEASE_3_11 -> RELEASE_3_11 (failed)
 ! [remote rejected] RELEASE_3_12 -> RELEASE_3_12 (failed)
 ! [remote rejected] RELEASE_3_13 -> RELEASE_3_13 (failed)
 ! [remote rejected] RELEASE_3_14 -> RELEASE_3_14 (failed)
 ! [remote rejected] RELEASE_3_15 -> RELEASE_3_15 (failed)
 ! [remote rejected] RELEASE_3_16 -> RELEASE_3_16 (failed)
 ! [remote rejected] RELEASE_3_17 -> RELEASE_3_17 (failed)
 ! [remote rejected] RELEASE_3_18 -> RELEASE_3_18 (failed)
 ! [remote rejected] RELEASE_3_19 -> RELEASE_3_19 (failed)
 ! [remote rejected] RELEASE_3_2 -> RELEASE_3_2 (failed)
 ! [remote rejected] RELEASE_3_20 -> RELEASE_3_20 (failed)
 ! [remote rejected] RELEASE_3_21 -> RELEASE_3_21 (failed)
 ! [remote rejected] RELEASE_3_22 -> RELEASE_3_22 (failed)
 ! [remote rejected] RELEASE_3_23 -> RELEASE_3_23 (failed)
 ! [remote rejected] RELEASE_3_3 -> RELEASE_3_3 (failed)
 ! [remote rejected] RELEASE_3_4 -> RELEASE_3_4 (failed)
 ! [remote rejected] RELEASE_3_5 -> RELEASE_3_5 (failed)
 ! [remote rejected] RELEASE_3_6 -> RELEASE_3_6 (failed)
 ! [remote rejected] RELEASE_3_7 -> RELEASE_3_7 (failed)
 ! [remote rejected] RELEASE_3_8 -> RELEASE_3_8 (failed)
 ! [remote rejected] RELEASE_3_9 -> RELEASE_3_9 (failed)
 ! [remote rejected] devel -> devel (failed)
error: failed to push some refs to 'github.com:bioconductor-source/ChIPXpressData.git'

[EXIT CODE] 1

###################################################
Package: ccdata
Time: Mon Jul 13 11:38:54 AM EDT 2026
###################################################
[CLONE]
Cloning into bare repository 'ccdata.git'...
[PUSH]
remote: warning: File data/cmap_es.rda is 56.66 MB; this is larger than GitHub's recommended maximum file size of 50.00 MB        
remote: error: Trace: 7d0db10186a4df2ff0ac5ccf810aa6b80b559eea25ee891acea712cdea723d3b        
remote: error: See https://gh.io/lfs for more information.        
remote: error: File data/net1.rda is 134.81 MB; this exceeds GitHub's file size limit of 100.00 MB        
remote: error: File data/net2.rda is 134.84 MB; this exceeds GitHub's file size limit of 100.00 MB        
remote: error: File data/l1000_es.rda is 556.61 MB; this exceeds GitHub's file size limit of 100.00 MB        
remote: error: GH001: Large files detected. You may want to try Git Large File Storage - https://git-lfs.github.com.        
To github.com:bioconductor-source/ccdata.git
 ! [remote rejected] RELEASE_3_10 -> RELEASE_3_10 (pre-receive hook declined)
 ! [remote rejected] RELEASE_3_11 -> RELEASE_3_11 (pre-receive hook declined)
 ! [remote rejected] RELEASE_3_12 -> RELEASE_3_12 (pre-receive hook declined)
 ! [remote rejected] RELEASE_3_13 -> RELEASE_3_13 (pre-receive hook declined)
 ! [remote rejected] RELEASE_3_14 -> RELEASE_3_14 (pre-receive hook declined)
 ! [remote rejected] RELEASE_3_15 -> RELEASE_3_15 (pre-receive hook declined)
 ! [remote rejected] RELEASE_3_16 -> RELEASE_3_16 (pre-receive hook declined)
 ! [remote rejected] RELEASE_3_17 -> RELEASE_3_17 (pre-receive hook declined)
 ! [remote rejected] RELEASE_3_18 -> RELEASE_3_18 (pre-receive hook declined)
 ! [remote rejected] RELEASE_3_19 -> RELEASE_3_19 (pre-receive hook declined)
 ! [remote rejected] RELEASE_3_20 -> RELEASE_3_20 (pre-receive hook declined)
 ! [remote rejected] RELEASE_3_21 -> RELEASE_3_21 (pre-receive hook declined)
 ! [remote rejected] RELEASE_3_22 -> RELEASE_3_22 (pre-receive hook declined)
 ! [remote rejected] RELEASE_3_23 -> RELEASE_3_23 (pre-receive hook declined)
 ! [remote rejected] RELEASE_3_4 -> RELEASE_3_4 (pre-receive hook declined)
 ! [remote rejected] RELEASE_3_5 -> RELEASE_3_5 (pre-receive hook declined)
 ! [remote rejected] RELEASE_3_6 -> RELEASE_3_6 (pre-receive hook declined)
 ! [remote rejected] RELEASE_3_7 -> RELEASE_3_7 (pre-receive hook declined)
 ! [remote rejected] RELEASE_3_8 -> RELEASE_3_8 (pre-receive hook declined)
 ! [remote rejected] RELEASE_3_9 -> RELEASE_3_9 (pre-receive hook declined)
 ! [remote rejected] devel -> devel (pre-receive hook declined)
error: failed to push some refs to 'github.com:bioconductor-source/ccdata.git'

[EXIT CODE] 1

###################################################
Package: furrowSeg
Time: Mon Jul 13 11:40:51 AM EDT 2026
###################################################
[CLONE]
Cloning into bare repository 'furrowSeg.git'...
[PUSH]
remote: error: Trace: abbbfb7546f240a12f03bc5a3b73fb1371862addb2a676ac82219fbcbccb92fb        
remote: error: See https://gh.io/lfs for more information.        
remote: error: File data/exampleFurrowMovie.rda is 107.27 MB; this exceeds GitHub's file size limit of 100.00 MB        
remote: error: File data/opto.rda is 241.17 MB; this exceeds GitHub's file size limit of 100.00 MB        
remote: error: GH001: Large files detected. You may want to try Git Large File Storage - https://git-lfs.github.com.        
To github.com:bioconductor-source/furrowSeg.git
 ! [remote rejected] RELEASE_3_10 -> RELEASE_3_10 (pre-receive hook declined)
 ! [remote rejected] RELEASE_3_11 -> RELEASE_3_11 (pre-receive hook declined)
 ! [remote rejected] RELEASE_3_12 -> RELEASE_3_12 (pre-receive hook declined)
 ! [remote rejected] RELEASE_3_13 -> RELEASE_3_13 (pre-receive hook declined)
 ! [remote rejected] RELEASE_3_14 -> RELEASE_3_14 (pre-receive hook declined)
 ! [remote rejected] RELEASE_3_15 -> RELEASE_3_15 (pre-receive hook declined)
 ! [remote rejected] RELEASE_3_16 -> RELEASE_3_16 (pre-receive hook declined)
 ! [remote rejected] RELEASE_3_17 -> RELEASE_3_17 (pre-receive hook declined)
 ! [remote rejected] RELEASE_3_18 -> RELEASE_3_18 (pre-receive hook declined)
 ! [remote rejected] RELEASE_3_19 -> RELEASE_3_19 (pre-receive hook declined)
 ! [remote rejected] RELEASE_3_20 -> RELEASE_3_20 (pre-receive hook declined)
 ! [remote rejected] RELEASE_3_21 -> RELEASE_3_21 (pre-receive hook declined)
 ! [remote rejected] RELEASE_3_22 -> RELEASE_3_22 (pre-receive hook declined)
 ! [remote rejected] RELEASE_3_23 -> RELEASE_3_23 (pre-receive hook declined)
 ! [remote rejected] RELEASE_3_3 -> RELEASE_3_3 (pre-receive hook declined)
 ! [remote rejected] RELEASE_3_4 -> RELEASE_3_4 (pre-receive hook declined)
 ! [remote rejected] RELEASE_3_5 -> RELEASE_3_5 (pre-receive hook declined)
 ! [remote rejected] RELEASE_3_6 -> RELEASE_3_6 (pre-receive hook declined)
 ! [remote rejected] RELEASE_3_7 -> RELEASE_3_7 (pre-receive hook declined)
 ! [remote rejected] RELEASE_3_8 -> RELEASE_3_8 (pre-receive hook declined)
 ! [remote rejected] RELEASE_3_9 -> RELEASE_3_9 (pre-receive hook declined)
 ! [remote rejected] devel -> devel (pre-receive hook declined)
error: failed to push some refs to 'github.com:bioconductor-source/furrowSeg.git'

[EXIT CODE] 1

###################################################
Package: FlowSorted.CordBlood.450k
Time: Mon Jul 13 11:42:03 AM EDT 2026
###################################################
[CLONE]
Cloning into bare repository 'FlowSorted.CordBlood.450k.git'...
[PUSH]
remote: error: Trace: b5b7691e61c3e5951a6ddd7f3ca8ad3323a023e66c18be58799c59328fb68868        
remote: error: See https://gh.io/lfs for more information.        
remote: error: File data/FlowSorted.CordBlood.450k.rda is 221.73 MB; this exceeds GitHub's file size limit of 100.00 MB        
remote: error: File data/FlowSorted.CordBlood.450k.rda is 220.24 MB; this exceeds GitHub's file size limit of 100.00 MB        
remote: error: GH001: Large files detected. You may want to try Git Large File Storage - https://git-lfs.github.com.        
To github.com:bioconductor-source/FlowSorted.CordBlood.450k.git
 ! [remote rejected] devel -> devel (pre-receive hook declined)
 ! [remote rejected] RELEASE_3_10 -> RELEASE_3_10 (pre-receive hook declined)
 ! [remote rejected] RELEASE_3_11 -> RELEASE_3_11 (pre-receive hook declined)
 ! [remote rejected] RELEASE_3_12 -> RELEASE_3_12 (pre-receive hook declined)
 ! [remote rejected] RELEASE_3_13 -> RELEASE_3_13 (pre-receive hook declined)
 ! [remote rejected] RELEASE_3_14 -> RELEASE_3_14 (pre-receive hook declined)
 ! [remote rejected] RELEASE_3_15 -> RELEASE_3_15 (pre-receive hook declined)
 ! [remote rejected] RELEASE_3_16 -> RELEASE_3_16 (pre-receive hook declined)
 ! [remote rejected] RELEASE_3_17 -> RELEASE_3_17 (pre-receive hook declined)
 ! [remote rejected] RELEASE_3_18 -> RELEASE_3_18 (pre-receive hook declined)
 ! [remote rejected] RELEASE_3_19 -> RELEASE_3_19 (pre-receive hook declined)
 ! [remote rejected] RELEASE_3_20 -> RELEASE_3_20 (pre-receive hook declined)
 ! [remote rejected] RELEASE_3_21 -> RELEASE_3_21 (pre-receive hook declined)
 ! [remote rejected] RELEASE_3_22 -> RELEASE_3_22 (pre-receive hook declined)
 ! [remote rejected] RELEASE_3_23 -> RELEASE_3_23 (pre-receive hook declined)
 ! [remote rejected] RELEASE_3_3 -> RELEASE_3_3 (pre-receive hook declined)
 ! [remote rejected] RELEASE_3_4 -> RELEASE_3_4 (pre-receive hook declined)
 ! [remote rejected] RELEASE_3_5 -> RELEASE_3_5 (pre-receive hook declined)
 ! [remote rejected] RELEASE_3_6 -> RELEASE_3_6 (pre-receive hook declined)
 ! [remote rejected] RELEASE_3_7 -> RELEASE_3_7 (pre-receive hook declined)
 ! [remote rejected] RELEASE_3_8 -> RELEASE_3_8 (pre-receive hook declined)
 ! [remote rejected] RELEASE_3_9 -> RELEASE_3_9 (pre-receive hook declined)
error: failed to push some refs to 'github.com:bioconductor-source/FlowSorted.CordBlood.450k.git'

[EXIT CODE] 1

###################################################
Package: HD2013SGI
Time: Mon Jul 13 11:43:28 AM EDT 2026
###################################################
[CLONE]
Cloning into bare repository 'HD2013SGI.git'...
[PUSH]
remote: warning: File data/datamatrixfull.rda is 94.16 MB; this is larger than GitHub's recommended maximum file size of 50.00 MB        
remote: error: Trace: cd51ef473af4395b68ab34cd83dd0cebb9e344bfcd0c9d93b7e67f4d5f4c4210        
remote: error: See https://gh.io/lfs for more information.        
remote: error: File data/featuresPerWell.rda is 420.96 MB; this exceeds GitHub's file size limit of 100.00 MB        
remote: error: GH001: Large files detected. You may want to try Git Large File Storage - https://git-lfs.github.com.        
To github.com:bioconductor-source/HD2013SGI.git
 ! [remote rejected] devel -> devel (pre-receive hook declined)
 ! [remote rejected] RELEASE_2_13 -> RELEASE_2_13 (pre-receive hook declined)
 ! [remote rejected] RELEASE_2_14 -> RELEASE_2_14 (pre-receive hook declined)
 ! [remote rejected] RELEASE_3_0 -> RELEASE_3_0 (pre-receive hook declined)
 ! [remote rejected] RELEASE_3_1 -> RELEASE_3_1 (pre-receive hook declined)
 ! [remote rejected] RELEASE_3_10 -> RELEASE_3_10 (pre-receive hook declined)
 ! [remote rejected] RELEASE_3_11 -> RELEASE_3_11 (pre-receive hook declined)
 ! [remote rejected] RELEASE_3_12 -> RELEASE_3_12 (pre-receive hook declined)
 ! [remote rejected] RELEASE_3_13 -> RELEASE_3_13 (pre-receive hook declined)
 ! [remote rejected] RELEASE_3_14 -> RELEASE_3_14 (pre-receive hook declined)
 ! [remote rejected] RELEASE_3_15 -> RELEASE_3_15 (pre-receive hook declined)
 ! [remote rejected] RELEASE_3_16 -> RELEASE_3_16 (pre-receive hook declined)
 ! [remote rejected] RELEASE_3_17 -> RELEASE_3_17 (pre-receive hook declined)
 ! [remote rejected] RELEASE_3_18 -> RELEASE_3_18 (pre-receive hook declined)
 ! [remote rejected] RELEASE_3_19 -> RELEASE_3_19 (pre-receive hook declined)
 ! [remote rejected] RELEASE_3_2 -> RELEASE_3_2 (pre-receive hook declined)
 ! [remote rejected] RELEASE_3_20 -> RELEASE_3_20 (pre-receive hook declined)
 ! [remote rejected] RELEASE_3_21 -> RELEASE_3_21 (pre-receive hook declined)
 ! [remote rejected] RELEASE_3_22 -> RELEASE_3_22 (pre-receive hook declined)
 ! [remote rejected] RELEASE_3_23 -> RELEASE_3_23 (pre-receive hook declined)
 ! [remote rejected] RELEASE_3_3 -> RELEASE_3_3 (pre-receive hook declined)
 ! [remote rejected] RELEASE_3_4 -> RELEASE_3_4 (pre-receive hook declined)
 ! [remote rejected] RELEASE_3_5 -> RELEASE_3_5 (pre-receive hook declined)
 ! [remote rejected] RELEASE_3_6 -> RELEASE_3_6 (pre-receive hook declined)
 ! [remote rejected] RELEASE_3_7 -> RELEASE_3_7 (pre-receive hook declined)
 ! [remote rejected] RELEASE_3_8 -> RELEASE_3_8 (pre-receive hook declined)
 ! [remote rejected] RELEASE_3_9 -> RELEASE_3_9 (pre-receive hook declined)
error: failed to push some refs to 'github.com:bioconductor-source/HD2013SGI.git'

[EXIT CODE] 1

###################################################
Package: dsQTL
Time: Mon Jul 13 11:45:10 AM EDT 2026
###################################################
[CLONE]
Cloning into bare repository 'dsQTL.git'...
[PUSH]
remote: warning: File data/DSQ_17.rda is 52.44 MB; this is larger than GitHub's recommended maximum file size of 50.00 MB        
remote: error: Trace: 1d42a39fb49f54495dbbf79805bbdf1ded73d2c35187716c6a6c054b873fae1d        
remote: error: See https://gh.io/lfs for more information.        
remote: error: File data/DHStop5_hg19.rda is 719.31 MB; this exceeds GitHub's file size limit of 100.00 MB        
remote: error: GH001: Large files detected. You may want to try Git Large File Storage - https://git-lfs.github.com.        
To github.com:bioconductor-source/dsQTL.git
 ! [remote rejected] RELEASE_2_13 -> RELEASE_2_13 (pre-receive hook declined)
 ! [remote rejected] RELEASE_2_14 -> RELEASE_2_14 (pre-receive hook declined)
 ! [remote rejected] RELEASE_3_0 -> RELEASE_3_0 (pre-receive hook declined)
 ! [remote rejected] RELEASE_3_1 -> RELEASE_3_1 (pre-receive hook declined)
 ! [remote rejected] RELEASE_3_10 -> RELEASE_3_10 (pre-receive hook declined)
 ! [remote rejected] RELEASE_3_11 -> RELEASE_3_11 (pre-receive hook declined)
 ! [remote rejected] RELEASE_3_12 -> RELEASE_3_12 (pre-receive hook declined)
 ! [remote rejected] RELEASE_3_13 -> RELEASE_3_13 (pre-receive hook declined)
 ! [remote rejected] RELEASE_3_2 -> RELEASE_3_2 (pre-receive hook declined)
 ! [remote rejected] RELEASE_3_3 -> RELEASE_3_3 (pre-receive hook declined)
 ! [remote rejected] RELEASE_3_4 -> RELEASE_3_4 (pre-receive hook declined)
 ! [remote rejected] RELEASE_3_5 -> RELEASE_3_5 (pre-receive hook declined)
 ! [remote rejected] RELEASE_3_6 -> RELEASE_3_6 (pre-receive hook declined)
 ! [remote rejected] RELEASE_3_7 -> RELEASE_3_7 (pre-receive hook declined)
 ! [remote rejected] RELEASE_3_8 -> RELEASE_3_8 (pre-receive hook declined)
 ! [remote rejected] RELEASE_3_9 -> RELEASE_3_9 (pre-receive hook declined)
 ! [remote rejected] devel -> devel (pre-receive hook declined)
error: failed to push some refs to 'github.com:bioconductor-source/dsQTL.git'

[EXIT CODE] 1

###################################################
Package: Single.mTEC.Transcriptomes
Time: Mon Jul 13 11:47:13 AM EDT 2026
###################################################
[CLONE]
Cloning into bare repository 'Single.mTEC.Transcriptomes.git'...
[PUSH]
remote: error: Trace: e923863678b646ea488c7a942f263ade125d7819e7a01dd4fd59ba9aa3cd8231        
remote: error: See https://gh.io/lfs for more information.        
remote: error: File data/corMatsNoMarker.RData is 808.40 MB; this exceeds GitHub's file size limit of 100.00 MB        
remote: error: GH001: Large files detected. You may want to try Git Large File Storage - https://git-lfs.github.com.        
To github.com:bioconductor-source/Single.mTEC.Transcriptomes.git
 ! [remote rejected] RELEASE_3_10 -> RELEASE_3_10 (pre-receive hook declined)
 ! [remote rejected] RELEASE_3_11 -> RELEASE_3_11 (pre-receive hook declined)
 ! [remote rejected] RELEASE_3_12 -> RELEASE_3_12 (pre-receive hook declined)
 ! [remote rejected] RELEASE_3_13 -> RELEASE_3_13 (pre-receive hook declined)
 ! [remote rejected] RELEASE_3_14 -> RELEASE_3_14 (pre-receive hook declined)
 ! [remote rejected] RELEASE_3_15 -> RELEASE_3_15 (pre-receive hook declined)
 ! [remote rejected] RELEASE_3_16 -> RELEASE_3_16 (pre-receive hook declined)
 ! [remote rejected] RELEASE_3_17 -> RELEASE_3_17 (pre-receive hook declined)
 ! [remote rejected] RELEASE_3_18 -> RELEASE_3_18 (pre-receive hook declined)
 ! [remote rejected] RELEASE_3_19 -> RELEASE_3_19 (pre-receive hook declined)
 ! [remote rejected] RELEASE_3_20 -> RELEASE_3_20 (pre-receive hook declined)
 ! [remote rejected] RELEASE_3_21 -> RELEASE_3_21 (pre-receive hook declined)
 ! [remote rejected] RELEASE_3_22 -> RELEASE_3_22 (pre-receive hook declined)
 ! [remote rejected] RELEASE_3_23 -> RELEASE_3_23 (pre-receive hook declined)
 ! [remote rejected] RELEASE_3_3 -> RELEASE_3_3 (pre-receive hook declined)
 ! [remote rejected] RELEASE_3_4 -> RELEASE_3_4 (pre-receive hook declined)
 ! [remote rejected] RELEASE_3_5 -> RELEASE_3_5 (pre-receive hook declined)
 ! [remote rejected] RELEASE_3_6 -> RELEASE_3_6 (pre-receive hook declined)
 ! [remote rejected] RELEASE_3_7 -> RELEASE_3_7 (pre-receive hook declined)
 ! [remote rejected] RELEASE_3_8 -> RELEASE_3_8 (pre-receive hook declined)
 ! [remote rejected] RELEASE_3_9 -> RELEASE_3_9 (pre-receive hook declined)
 ! [remote rejected] devel -> devel (pre-receive hook declined)
error: failed to push some refs to 'github.com:bioconductor-source/Single.mTEC.Transcriptomes.git'

[EXIT CODE] 1

###################################################
Package: msPurityData
Time: Mon Jul 13 11:48:54 AM EDT 2026
###################################################
[CLONE]
Cloning into bare repository 'msPurityData.git'...
[PUSH]
remote: error: Trace: 7d2d97784465c3361853855386b532458313efcccb1c154a81471f73d00ecb17        
remote: error: See https://gh.io/lfs for more information.        
remote: error: File inst/extdata/library_spectra/library_spectra.db is 478.87 MB; this exceeds GitHub's file size limit of 100.00 MB        
remote: error: File inst/extdata/library_spectra/library_spectra.db is 466.25 MB; this exceeds GitHub's file size limit of 100.00 MB        
remote: error: GH001: Large files detected. You may want to try Git Large File Storage - https://git-lfs.github.com.        
To github.com:bioconductor-source/msPurityData.git
 ! [remote rejected] RELEASE_3_10 -> RELEASE_3_10 (pre-receive hook declined)
 ! [remote rejected] RELEASE_3_11 -> RELEASE_3_11 (pre-receive hook declined)
 ! [remote rejected] RELEASE_3_12 -> RELEASE_3_12 (pre-receive hook declined)
 ! [remote rejected] RELEASE_3_13 -> RELEASE_3_13 (pre-receive hook declined)
 ! [remote rejected] RELEASE_3_14 -> RELEASE_3_14 (pre-receive hook declined)
 ! [remote rejected] RELEASE_3_15 -> RELEASE_3_15 (pre-receive hook declined)
 ! [remote rejected] RELEASE_3_16 -> RELEASE_3_16 (pre-receive hook declined)
 ! [remote rejected] RELEASE_3_17 -> RELEASE_3_17 (pre-receive hook declined)
 ! [remote rejected] RELEASE_3_18 -> RELEASE_3_18 (pre-receive hook declined)
 ! [remote rejected] RELEASE_3_19 -> RELEASE_3_19 (pre-receive hook declined)
 ! [remote rejected] RELEASE_3_20 -> RELEASE_3_20 (pre-receive hook declined)
 ! [remote rejected] RELEASE_3_21 -> RELEASE_3_21 (pre-receive hook declined)
 ! [remote rejected] RELEASE_3_22 -> RELEASE_3_22 (pre-receive hook declined)
 ! [remote rejected] RELEASE_3_23 -> RELEASE_3_23 (pre-receive hook declined)
 ! [remote rejected] RELEASE_3_4 -> RELEASE_3_4 (pre-receive hook declined)
 ! [remote rejected] RELEASE_3_5 -> RELEASE_3_5 (pre-receive hook declined)
 ! [remote rejected] RELEASE_3_6 -> RELEASE_3_6 (pre-receive hook declined)
 ! [remote rejected] RELEASE_3_7 -> RELEASE_3_7 (pre-receive hook declined)
 ! [remote rejected] RELEASE_3_8 -> RELEASE_3_8 (pre-receive hook declined)
 ! [remote rejected] RELEASE_3_9 -> RELEASE_3_9 (pre-receive hook declined)
 ! [remote rejected] devel -> devel (pre-receive hook declined)
 ! [remote rejected] devel-filtered -> devel-filtered (pre-receive hook declined)
error: failed to push some refs to 'github.com:bioconductor-source/msPurityData.git'

[EXIT CODE] 1

###################################################
Package: GeuvadisTranscriptExpr
Time: Mon Jul 13 11:51:16 AM EDT 2026
###################################################
[CLONE]
Cloning into bare repository 'GeuvadisTranscriptExpr.git'...
[PUSH]
remote: error: Trace: fbee4f0fdb8b0cf6295699d56d8ac6e7072294cf4001bc7b759b2b8407bd52a6        
remote: error: See https://gh.io/lfs for more information.        
remote: error: File inst/extdata/genotypes_CEU_chr19.tsv is 109.05 MB; this exceeds GitHub's file size limit of 100.00 MB        
remote: error: GH001: Large files detected. You may want to try Git Large File Storage - https://git-lfs.github.com.        
To github.com:bioconductor-source/GeuvadisTranscriptExpr.git
 ! [remote rejected] devel -> devel (pre-receive hook declined)
 ! [remote rejected] RELEASE_3_10 -> RELEASE_3_10 (pre-receive hook declined)
 ! [remote rejected] RELEASE_3_11 -> RELEASE_3_11 (pre-receive hook declined)
 ! [remote rejected] RELEASE_3_12 -> RELEASE_3_12 (pre-receive hook declined)
 ! [remote rejected] RELEASE_3_13 -> RELEASE_3_13 (pre-receive hook declined)
 ! [remote rejected] RELEASE_3_14 -> RELEASE_3_14 (pre-receive hook declined)
 ! [remote rejected] RELEASE_3_15 -> RELEASE_3_15 (pre-receive hook declined)
 ! [remote rejected] RELEASE_3_16 -> RELEASE_3_16 (pre-receive hook declined)
 ! [remote rejected] RELEASE_3_17 -> RELEASE_3_17 (pre-receive hook declined)
 ! [remote rejected] RELEASE_3_18 -> RELEASE_3_18 (pre-receive hook declined)
 ! [remote rejected] RELEASE_3_19 -> RELEASE_3_19 (pre-receive hook declined)
 ! [remote rejected] RELEASE_3_20 -> RELEASE_3_20 (pre-receive hook declined)
 ! [remote rejected] RELEASE_3_21 -> RELEASE_3_21 (pre-receive hook declined)
 ! [remote rejected] RELEASE_3_22 -> RELEASE_3_22 (pre-receive hook declined)
 ! [remote rejected] RELEASE_3_23 -> RELEASE_3_23 (pre-receive hook declined)
 ! [remote rejected] RELEASE_3_3 -> RELEASE_3_3 (pre-receive hook declined)
 ! [remote rejected] RELEASE_3_4 -> RELEASE_3_4 (pre-receive hook declined)
 ! [remote rejected] RELEASE_3_5 -> RELEASE_3_5 (pre-receive hook declined)
 ! [remote rejected] RELEASE_3_6 -> RELEASE_3_6 (pre-receive hook declined)
 ! [remote rejected] RELEASE_3_7 -> RELEASE_3_7 (pre-receive hook declined)
 ! [remote rejected] RELEASE_3_8 -> RELEASE_3_8 (pre-receive hook declined)
 ! [remote rejected] RELEASE_3_9 -> RELEASE_3_9 (pre-receive hook declined)
error: failed to push some refs to 'github.com:bioconductor-source/GeuvadisTranscriptExpr.git'

[EXIT CODE] 1

###################################################
Package: FlowSorted.DLPFC.450k
Time: Mon Jul 13 11:51:24 AM EDT 2026
###################################################
[CLONE]
Cloning into bare repository 'FlowSorted.DLPFC.450k.git'...
[PUSH]
remote: error: Trace: 1060cebf773bee57afb2a430ebd2f17e4ccba1bdf64e326e2b82b26f33923206        
remote: error: See https://gh.io/lfs for more information.        
remote: error: File data/FlowSorted.DLPFC.450k.rda is 123.61 MB; this exceeds GitHub's file size limit of 100.00 MB        
remote: error: File data/FlowSorted.DLPFC.450k.rda is 123.47 MB; this exceeds GitHub's file size limit of 100.00 MB        
remote: error: GH001: Large files detected. You may want to try Git Large File Storage - https://git-lfs.github.com.        
To github.com:bioconductor-source/FlowSorted.DLPFC.450k.git
 ! [remote rejected] devel -> devel (pre-receive hook declined)
 ! [remote rejected] RELEASE_2_14 -> RELEASE_2_14 (pre-receive hook declined)
 ! [remote rejected] RELEASE_3_0 -> RELEASE_3_0 (pre-receive hook declined)
 ! [remote rejected] RELEASE_3_1 -> RELEASE_3_1 (pre-receive hook declined)
 ! [remote rejected] RELEASE_3_10 -> RELEASE_3_10 (pre-receive hook declined)
 ! [remote rejected] RELEASE_3_11 -> RELEASE_3_11 (pre-receive hook declined)
 ! [remote rejected] RELEASE_3_12 -> RELEASE_3_12 (pre-receive hook declined)
 ! [remote rejected] RELEASE_3_13 -> RELEASE_3_13 (pre-receive hook declined)
 ! [remote rejected] RELEASE_3_14 -> RELEASE_3_14 (pre-receive hook declined)
 ! [remote rejected] RELEASE_3_15 -> RELEASE_3_15 (pre-receive hook declined)
 ! [remote rejected] RELEASE_3_16 -> RELEASE_3_16 (pre-receive hook declined)
 ! [remote rejected] RELEASE_3_17 -> RELEASE_3_17 (pre-receive hook declined)
 ! [remote rejected] RELEASE_3_18 -> RELEASE_3_18 (pre-receive hook declined)
 ! [remote rejected] RELEASE_3_19 -> RELEASE_3_19 (pre-receive hook declined)
 ! [remote rejected] RELEASE_3_2 -> RELEASE_3_2 (pre-receive hook declined)
 ! [remote rejected] RELEASE_3_20 -> RELEASE_3_20 (pre-receive hook declined)
 ! [remote rejected] RELEASE_3_21 -> RELEASE_3_21 (pre-receive hook declined)
 ! [remote rejected] RELEASE_3_22 -> RELEASE_3_22 (pre-receive hook declined)
 ! [remote rejected] RELEASE_3_23 -> RELEASE_3_23 (pre-receive hook declined)
 ! [remote rejected] RELEASE_3_3 -> RELEASE_3_3 (pre-receive hook declined)
 ! [remote rejected] RELEASE_3_4 -> RELEASE_3_4 (pre-receive hook declined)
 ! [remote rejected] RELEASE_3_5 -> RELEASE_3_5 (pre-receive hook declined)
 ! [remote rejected] RELEASE_3_6 -> RELEASE_3_6 (pre-receive hook declined)
 ! [remote rejected] RELEASE_3_7 -> RELEASE_3_7 (pre-receive hook declined)
 ! [remote rejected] RELEASE_3_8 -> RELEASE_3_8 (pre-receive hook declined)
 ! [remote rejected] RELEASE_3_9 -> RELEASE_3_9 (pre-receive hook declined)
error: failed to push some refs to 'github.com:bioconductor-source/FlowSorted.DLPFC.450k.git'

[EXIT CODE] 1

###################################################
Package: davidTiling
Time: Mon Jul 13 11:52:10 AM EDT 2026
###################################################
[CLONE]
Cloning into bare repository 'davidTiling.git'...
[PUSH]
remote: error: Trace: 6648fea878a21af51983f000af4be3d981567a39bee4caf95e743aa3e583599f        
remote: error: See https://gh.io/lfs for more information.        
remote: error: File data/davidTiling.rda is 200.03 MB; this exceeds GitHub's file size limit of 100.00 MB        
remote: error: GH001: Large files detected. You may want to try Git Large File Storage - https://git-lfs.github.com.        
To github.com:bioconductor-source/davidTiling.git
 ! [remote rejected] RELEASE_2_13 -> RELEASE_2_13 (pre-receive hook declined)
 ! [remote rejected] RELEASE_2_14 -> RELEASE_2_14 (pre-receive hook declined)
 ! [remote rejected] RELEASE_3_0 -> RELEASE_3_0 (pre-receive hook declined)
 ! [remote rejected] RELEASE_3_1 -> RELEASE_3_1 (pre-receive hook declined)
 ! [remote rejected] RELEASE_3_10 -> RELEASE_3_10 (pre-receive hook declined)
 ! [remote rejected] RELEASE_3_11 -> RELEASE_3_11 (pre-receive hook declined)
 ! [remote rejected] RELEASE_3_12 -> RELEASE_3_12 (pre-receive hook declined)
 ! [remote rejected] RELEASE_3_13 -> RELEASE_3_13 (pre-receive hook declined)
 ! [remote rejected] RELEASE_3_14 -> RELEASE_3_14 (pre-receive hook declined)
 ! [remote rejected] RELEASE_3_15 -> RELEASE_3_15 (pre-receive hook declined)
 ! [remote rejected] RELEASE_3_16 -> RELEASE_3_16 (pre-receive hook declined)
 ! [remote rejected] RELEASE_3_17 -> RELEASE_3_17 (pre-receive hook declined)
 ! [remote rejected] RELEASE_3_18 -> RELEASE_3_18 (pre-receive hook declined)
 ! [remote rejected] RELEASE_3_19 -> RELEASE_3_19 (pre-receive hook declined)
 ! [remote rejected] RELEASE_3_2 -> RELEASE_3_2 (pre-receive hook declined)
 ! [remote rejected] RELEASE_3_20 -> RELEASE_3_20 (pre-receive hook declined)
 ! [remote rejected] RELEASE_3_21 -> RELEASE_3_21 (pre-receive hook declined)
 ! [remote rejected] RELEASE_3_22 -> RELEASE_3_22 (pre-receive hook declined)
 ! [remote rejected] RELEASE_3_23 -> RELEASE_3_23 (pre-receive hook declined)
 ! [remote rejected] RELEASE_3_3 -> RELEASE_3_3 (pre-receive hook declined)
 ! [remote rejected] RELEASE_3_4 -> RELEASE_3_4 (pre-receive hook declined)
 ! [remote rejected] RELEASE_3_5 -> RELEASE_3_5 (pre-receive hook declined)
 ! [remote rejected] RELEASE_3_6 -> RELEASE_3_6 (pre-receive hook declined)
 ! [remote rejected] RELEASE_3_7 -> RELEASE_3_7 (pre-receive hook declined)
 ! [remote rejected] RELEASE_3_8 -> RELEASE_3_8 (pre-receive hook declined)
 ! [remote rejected] RELEASE_3_9 -> RELEASE_3_9 (pre-receive hook declined)
 ! [remote rejected] devel -> devel (pre-receive hook declined)
error: failed to push some refs to 'github.com:bioconductor-source/davidTiling.git'

[EXIT CODE] 1

###################################################
Package: RnBeads.hg38
Time: Mon Jul 13 11:54:06 AM EDT 2026
###################################################
[CLONE]
Cloning into bare repository 'RnBeads.hg38.git'...
[PUSH]
remote: warning: File data/CpG.RData is 73.12 MB; this is larger than GitHub's recommended maximum file size of 50.00 MB        
remote: warning: File data/CpG.RData is 62.60 MB; this is larger than GitHub's recommended maximum file size of 50.00 MB        
remote: error: Trace: 0963afae11ce6d6e8f17939f7ae52697afe16a64b37205439a9c9c06bb940b97        
remote: error: See https://gh.io/lfs for more information.        
remote: error: File data/CpG.RData is 110.36 MB; this exceeds GitHub's file size limit of 100.00 MB        
remote: error: File data/probesEPICv2.RData is 146.00 MB; this exceeds GitHub's file size limit of 100.00 MB        
remote: error: File data/CpG.RData is 109.02 MB; this exceeds GitHub's file size limit of 100.00 MB        
remote: error: GH001: Large files detected. You may want to try Git Large File Storage - https://git-lfs.github.com.        
To github.com:bioconductor-source/RnBeads.hg38.git
 ! [remote rejected] devel -> devel (pre-receive hook declined)
 ! [remote rejected] RELEASE_3_10 -> RELEASE_3_10 (pre-receive hook declined)
 ! [remote rejected] RELEASE_3_11 -> RELEASE_3_11 (pre-receive hook declined)
 ! [remote rejected] RELEASE_3_12 -> RELEASE_3_12 (pre-receive hook declined)
 ! [remote rejected] RELEASE_3_13 -> RELEASE_3_13 (pre-receive hook declined)
 ! [remote rejected] RELEASE_3_14 -> RELEASE_3_14 (pre-receive hook declined)
 ! [remote rejected] RELEASE_3_15 -> RELEASE_3_15 (pre-receive hook declined)
 ! [remote rejected] RELEASE_3_16 -> RELEASE_3_16 (pre-receive hook declined)
 ! [remote rejected] RELEASE_3_17 -> RELEASE_3_17 (pre-receive hook declined)
 ! [remote rejected] RELEASE_3_18 -> RELEASE_3_18 (pre-receive hook declined)
 ! [remote rejected] RELEASE_3_19 -> RELEASE_3_19 (pre-receive hook declined)
 ! [remote rejected] RELEASE_3_2 -> RELEASE_3_2 (pre-receive hook declined)
 ! [remote rejected] RELEASE_3_20 -> RELEASE_3_20 (pre-receive hook declined)
 ! [remote rejected] RELEASE_3_21 -> RELEASE_3_21 (pre-receive hook declined)
 ! [remote rejected] RELEASE_3_22 -> RELEASE_3_22 (pre-receive hook declined)
 ! [remote rejected] RELEASE_3_23 -> RELEASE_3_23 (pre-receive hook declined)
 ! [remote rejected] RELEASE_3_3 -> RELEASE_3_3 (pre-receive hook declined)
 ! [remote rejected] RELEASE_3_4 -> RELEASE_3_4 (pre-receive hook declined)
 ! [remote rejected] RELEASE_3_5 -> RELEASE_3_5 (pre-receive hook declined)
 ! [remote rejected] RELEASE_3_6 -> RELEASE_3_6 (pre-receive hook declined)
 ! [remote rejected] RELEASE_3_7 -> RELEASE_3_7 (pre-receive hook declined)
 ! [remote rejected] RELEASE_3_8 -> RELEASE_3_8 (pre-receive hook declined)
 ! [remote rejected] RELEASE_3_9 -> RELEASE_3_9 (pre-receive hook declined)
error: failed to push some refs to 'github.com:bioconductor-source/RnBeads.hg38.git'

[EXIT CODE] 1

###################################################
Package: ChAMPdata
Time: Mon Jul 13 11:57:25 AM EDT 2026
###################################################
[CLONE]
Cloning into bare repository 'ChAMPdata.git'...
[PUSH]
remote: warning: File data/EPICSimData.rda is 97.28 MB; this is larger than GitHub's recommended maximum file size of 50.00 MB        
remote: error: Trace: 9869051f02f13302a153d8a471b3ebe51fadb1179fe5303f14edd41f416a1c7b        
remote: error: See https://gh.io/lfs for more information.        
remote: error: File data/testDataSet.rda is 253.45 MB; this exceeds GitHub's file size limit of 100.00 MB        
remote: error: GH001: Large files detected. You may want to try Git Large File Storage - https://git-lfs.github.com.        
To github.com:bioconductor-source/ChAMPdata.git
 ! [remote rejected] devel -> devel (pre-receive hook declined)
 ! [remote rejected] RELEASE_2_13 -> RELEASE_2_13 (pre-receive hook declined)
 ! [remote rejected] RELEASE_2_14 -> RELEASE_2_14 (pre-receive hook declined)
 ! [remote rejected] RELEASE_3_0 -> RELEASE_3_0 (pre-receive hook declined)
 ! [remote rejected] RELEASE_3_1 -> RELEASE_3_1 (pre-receive hook declined)
 ! [remote rejected] RELEASE_3_10 -> RELEASE_3_10 (pre-receive hook declined)
 ! [remote rejected] RELEASE_3_11 -> RELEASE_3_11 (pre-receive hook declined)
 ! [remote rejected] RELEASE_3_12 -> RELEASE_3_12 (pre-receive hook declined)
 ! [remote rejected] RELEASE_3_13 -> RELEASE_3_13 (pre-receive hook declined)
 ! [remote rejected] RELEASE_3_14 -> RELEASE_3_14 (pre-receive hook declined)
 ! [remote rejected] RELEASE_3_15 -> RELEASE_3_15 (pre-receive hook declined)
 ! [remote rejected] RELEASE_3_16 -> RELEASE_3_16 (pre-receive hook declined)
 ! [remote rejected] RELEASE_3_17 -> RELEASE_3_17 (pre-receive hook declined)
 ! [remote rejected] RELEASE_3_18 -> RELEASE_3_18 (pre-receive hook declined)
 ! [remote rejected] RELEASE_3_19 -> RELEASE_3_19 (pre-receive hook declined)
 ! [remote rejected] RELEASE_3_2 -> RELEASE_3_2 (pre-receive hook declined)
 ! [remote rejected] RELEASE_3_20 -> RELEASE_3_20 (pre-receive hook declined)
 ! [remote rejected] RELEASE_3_21 -> RELEASE_3_21 (pre-receive hook declined)
 ! [remote rejected] RELEASE_3_22 -> RELEASE_3_22 (pre-receive hook declined)
 ! [remote rejected] RELEASE_3_23 -> RELEASE_3_23 (pre-receive hook declined)
 ! [remote rejected] RELEASE_3_3 -> RELEASE_3_3 (pre-receive hook declined)
 ! [remote rejected] RELEASE_3_4 -> RELEASE_3_4 (pre-receive hook declined)
 ! [remote rejected] RELEASE_3_5 -> RELEASE_3_5 (pre-receive hook declined)
 ! [remote rejected] RELEASE_3_6 -> RELEASE_3_6 (pre-receive hook declined)
 ! [remote rejected] RELEASE_3_7 -> RELEASE_3_7 (pre-receive hook declined)
 ! [remote rejected] RELEASE_3_8 -> RELEASE_3_8 (pre-receive hook declined)
 ! [remote rejected] RELEASE_3_9 -> RELEASE_3_9 (pre-receive hook declined)
error: failed to push some refs to 'github.com:bioconductor-source/ChAMPdata.git'

[EXIT CODE] 1

###################################################
Package: MEALData
Time: Mon Jul 13 12:00:41 PM EDT 2026
###################################################
[CLONE]
Cloning into bare repository 'MEALData.git'...
[PUSH]
remote: error: Trace: cb2afba41c5b8d319a8748e88f5129c61a469a75f3a63dc52c629a65f0c0acbe        
remote: error: See https://gh.io/lfs for more information.        
remote: error: File data/betavals.rda is 158.95 MB; this exceeds GitHub's file size limit of 100.00 MB        
remote: error: File data/mset.rda is 186.47 MB; this exceeds GitHub's file size limit of 100.00 MB        
remote: error: File data/BRCAmeth.rda is 100.16 MB; this exceeds GitHub's file size limit of 100.00 MB        
remote: error: GH001: Large files detected. You may want to try Git Large File Storage - https://git-lfs.github.com.        
To github.com:bioconductor-source/MEALData.git
 ! [remote rejected] RELEASE_3_2 -> RELEASE_3_2 (pre-receive hook declined)
 ! [remote rejected] RELEASE_3_3 -> RELEASE_3_3 (pre-receive hook declined)
 ! [remote rejected] RELEASE_3_4 -> RELEASE_3_4 (pre-receive hook declined)
 ! [remote rejected] RELEASE_3_5 -> RELEASE_3_5 (pre-receive hook declined)
 ! [remote rejected] RELEASE_3_6 -> RELEASE_3_6 (pre-receive hook declined)
 ! [remote rejected] RELEASE_3_7 -> RELEASE_3_7 (pre-receive hook declined)
 ! [remote rejected] devel -> devel (pre-receive hook declined)
error: failed to push some refs to 'github.com:bioconductor-source/MEALData.git'

[EXIT CODE] 1

###################################################
Package: pd.atdschip.tiling
Time: Mon Jul 13 12:02:27 PM EDT 2026
###################################################
[CLONE]
Cloning into bare repository 'pd.atdschip.tiling.git'...
[PUSH]
remote: error: Trace: c0fca688fec316d4dbfd23f3264125ad4aec57019d85458517ce5a6902cd8a7b        
remote: error: See https://gh.io/lfs for more information.        
remote: error: File inst/extdata/pd.atdschip.tiling.sqlite is 213.00 MB; this exceeds GitHub's file size limit of 100.00 MB        
remote: error: GH001: Large files detected. You may want to try Git Large File Storage - https://git-lfs.github.com.        
To github.com:bioconductor-source/pd.atdschip.tiling.git
 ! [remote rejected] RELEASE_2_13 -> RELEASE_2_13 (pre-receive hook declined)
 ! [remote rejected] RELEASE_2_14 -> RELEASE_2_14 (pre-receive hook declined)
 ! [remote rejected] RELEASE_3_0 -> RELEASE_3_0 (pre-receive hook declined)
 ! [remote rejected] RELEASE_3_1 -> RELEASE_3_1 (pre-receive hook declined)
 ! [remote rejected] RELEASE_3_10 -> RELEASE_3_10 (pre-receive hook declined)
 ! [remote rejected] RELEASE_3_11 -> RELEASE_3_11 (pre-receive hook declined)
 ! [remote rejected] RELEASE_3_12 -> RELEASE_3_12 (pre-receive hook declined)
 ! [remote rejected] RELEASE_3_13 -> RELEASE_3_13 (pre-receive hook declined)
 ! [remote rejected] RELEASE_3_14 -> RELEASE_3_14 (pre-receive hook declined)
 ! [remote rejected] RELEASE_3_15 -> RELEASE_3_15 (pre-receive hook declined)
 ! [remote rejected] RELEASE_3_16 -> RELEASE_3_16 (pre-receive hook declined)
 ! [remote rejected] RELEASE_3_17 -> RELEASE_3_17 (pre-receive hook declined)
 ! [remote rejected] RELEASE_3_18 -> RELEASE_3_18 (pre-receive hook declined)
 ! [remote rejected] RELEASE_3_19 -> RELEASE_3_19 (pre-receive hook declined)
 ! [remote rejected] RELEASE_3_2 -> RELEASE_3_2 (pre-receive hook declined)
 ! [remote rejected] RELEASE_3_20 -> RELEASE_3_20 (pre-receive hook declined)
 ! [remote rejected] RELEASE_3_21 -> RELEASE_3_21 (pre-receive hook declined)
 ! [remote rejected] RELEASE_3_22 -> RELEASE_3_22 (pre-receive hook declined)
 ! [remote rejected] RELEASE_3_23 -> RELEASE_3_23 (pre-receive hook declined)
 ! [remote rejected] RELEASE_3_3 -> RELEASE_3_3 (pre-receive hook declined)
 ! [remote rejected] RELEASE_3_4 -> RELEASE_3_4 (pre-receive hook declined)
 ! [remote rejected] RELEASE_3_5 -> RELEASE_3_5 (pre-receive hook declined)
 ! [remote rejected] RELEASE_3_6 -> RELEASE_3_6 (pre-receive hook declined)
 ! [remote rejected] RELEASE_3_7 -> RELEASE_3_7 (pre-receive hook declined)
 ! [remote rejected] RELEASE_3_8 -> RELEASE_3_8 (pre-receive hook declined)
 ! [remote rejected] RELEASE_3_9 -> RELEASE_3_9 (pre-receive hook declined)
 ! [remote rejected] devel -> devel (pre-receive hook declined)
error: failed to push some refs to 'github.com:bioconductor-source/pd.atdschip.tiling.git'

[EXIT CODE] 1

###################################################
Package: FlowSorted.CordBloodNorway.450k
Time: Mon Jul 13 12:03:23 PM EDT 2026
###################################################
[CLONE]
Cloning into bare repository 'FlowSorted.CordBloodNorway.450k.git'...
[PUSH]
remote: error: Trace: e810a8e82243e43847dfee11045e10ebea6c16f9442098f091d759567e115aad        
remote: error: See https://gh.io/lfs for more information.        
remote: error: File data/FlowSorted.CordBloodNorway.450k.rda is 163.50 MB; this exceeds GitHub's file size limit of 100.00 MB        
remote: error: File data/FlowSorted.CordBloodNorway.450k.rda is 165.45 MB; this exceeds GitHub's file size limit of 100.00 MB        
remote: error: GH001: Large files detected. You may want to try Git Large File Storage - https://git-lfs.github.com.        
To github.com:bioconductor-source/FlowSorted.CordBloodNorway.450k.git
 ! [remote rejected] devel -> devel (pre-receive hook declined)
 ! [remote rejected] RELEASE_3_10 -> RELEASE_3_10 (pre-receive hook declined)
 ! [remote rejected] RELEASE_3_11 -> RELEASE_3_11 (pre-receive hook declined)
 ! [remote rejected] RELEASE_3_12 -> RELEASE_3_12 (pre-receive hook declined)
 ! [remote rejected] RELEASE_3_13 -> RELEASE_3_13 (pre-receive hook declined)
 ! [remote rejected] RELEASE_3_14 -> RELEASE_3_14 (pre-receive hook declined)
 ! [remote rejected] RELEASE_3_15 -> RELEASE_3_15 (pre-receive hook declined)
 ! [remote rejected] RELEASE_3_16 -> RELEASE_3_16 (pre-receive hook declined)
 ! [remote rejected] RELEASE_3_17 -> RELEASE_3_17 (pre-receive hook declined)
 ! [remote rejected] RELEASE_3_18 -> RELEASE_3_18 (pre-receive hook declined)
 ! [remote rejected] RELEASE_3_19 -> RELEASE_3_19 (pre-receive hook declined)
 ! [remote rejected] RELEASE_3_20 -> RELEASE_3_20 (pre-receive hook declined)
 ! [remote rejected] RELEASE_3_21 -> RELEASE_3_21 (pre-receive hook declined)
 ! [remote rejected] RELEASE_3_22 -> RELEASE_3_22 (pre-receive hook declined)
 ! [remote rejected] RELEASE_3_23 -> RELEASE_3_23 (pre-receive hook declined)
 ! [remote rejected] RELEASE_3_4 -> RELEASE_3_4 (pre-receive hook declined)
 ! [remote rejected] RELEASE_3_5 -> RELEASE_3_5 (pre-receive hook declined)
 ! [remote rejected] RELEASE_3_6 -> RELEASE_3_6 (pre-receive hook declined)
 ! [remote rejected] RELEASE_3_7 -> RELEASE_3_7 (pre-receive hook declined)
 ! [remote rejected] RELEASE_3_8 -> RELEASE_3_8 (pre-receive hook declined)
 ! [remote rejected] RELEASE_3_9 -> RELEASE_3_9 (pre-receive hook declined)
error: failed to push some refs to 'github.com:bioconductor-source/FlowSorted.CordBloodNorway.450k.git'

[EXIT CODE] 1

###################################################
Package: msdata
Time: Mon Jul 13 12:04:33 PM EDT 2026
###################################################
[CLONE]
Cloning into bare repository 'msdata.git'...
[PUSH]
remote: warning: File inst/TripleTOF-SWATH/PestMix1_SWATH.mzML is 68.44 MB; this is larger than GitHub's recommended maximum file size of 50.00 MB        
remote: error: Trace: 045ed2461c273284be741c8153a5bebe3925177eb8eec4f268f60c207733d7c1        
remote: error: See https://gh.io/lfs for more information.        
remote: error: File inst/proteomics/TMT_Erwinia_1uLSike_Top10HCD_isol2_45stepped_60min_01-20141210.mzML.gz is 300.38 MB; this exceeds GitHub's file size limit of 100.00 MB        
remote: error: GH001: Large files detected. You may want to try Git Large File Storage - https://git-lfs.github.com.        
To github.com:bioconductor-source/msdata.git
 ! [remote rejected] RELEASE_2_13 -> RELEASE_2_13 (pre-receive hook declined)
 ! [remote rejected] RELEASE_2_14 -> RELEASE_2_14 (pre-receive hook declined)
 ! [remote rejected] RELEASE_3_0 -> RELEASE_3_0 (pre-receive hook declined)
 ! [remote rejected] RELEASE_3_1 -> RELEASE_3_1 (pre-receive hook declined)
 ! [remote rejected] RELEASE_3_10 -> RELEASE_3_10 (pre-receive hook declined)
 ! [remote rejected] RELEASE_3_11 -> RELEASE_3_11 (pre-receive hook declined)
 ! [remote rejected] RELEASE_3_12 -> RELEASE_3_12 (pre-receive hook declined)
 ! [remote rejected] RELEASE_3_13 -> RELEASE_3_13 (pre-receive hook declined)
 ! [remote rejected] RELEASE_3_14 -> RELEASE_3_14 (pre-receive hook declined)
 ! [remote rejected] RELEASE_3_15 -> RELEASE_3_15 (pre-receive hook declined)
 ! [remote rejected] RELEASE_3_16 -> RELEASE_3_16 (pre-receive hook declined)
 ! [remote rejected] RELEASE_3_17 -> RELEASE_3_17 (pre-receive hook declined)
 ! [remote rejected] RELEASE_3_18 -> RELEASE_3_18 (pre-receive hook declined)
 ! [remote rejected] RELEASE_3_19 -> RELEASE_3_19 (pre-receive hook declined)
 ! [remote rejected] RELEASE_3_2 -> RELEASE_3_2 (pre-receive hook declined)
 ! [remote rejected] RELEASE_3_20 -> RELEASE_3_20 (pre-receive hook declined)
 ! [remote rejected] RELEASE_3_21 -> RELEASE_3_21 (pre-receive hook declined)
 ! [remote rejected] RELEASE_3_22 -> RELEASE_3_22 (pre-receive hook declined)
 ! [remote rejected] RELEASE_3_23 -> RELEASE_3_23 (pre-receive hook declined)
 ! [remote rejected] RELEASE_3_3 -> RELEASE_3_3 (pre-receive hook declined)
 ! [remote rejected] RELEASE_3_4 -> RELEASE_3_4 (pre-receive hook declined)
 ! [remote rejected] RELEASE_3_5 -> RELEASE_3_5 (pre-receive hook declined)
 ! [remote rejected] RELEASE_3_6 -> RELEASE_3_6 (pre-receive hook declined)
 ! [remote rejected] RELEASE_3_7 -> RELEASE_3_7 (pre-receive hook declined)
 ! [remote rejected] RELEASE_3_8 -> RELEASE_3_8 (pre-receive hook declined)
 ! [remote rejected] RELEASE_3_9 -> RELEASE_3_9 (pre-receive hook declined)
 ! [remote rejected] devel -> devel (pre-receive hook declined)
error: failed to push some refs to 'github.com:bioconductor-source/msdata.git'

[EXIT CODE] 1

###################################################
Package: SCATEData
Time: Mon Jul 13 12:06:46 PM EDT 2026
###################################################
[CLONE]
Cloning into bare repository 'SCATEData.git'...
[PUSH]
remote: warning: File inst/extdata/hg19.rds is 66.43 MB; this is larger than GitHub's recommended maximum file size of 50.00 MB        
remote: warning: File inst/extdata/mm10.rds is 58.14 MB; this is larger than GitHub's recommended maximum file size of 50.00 MB        
remote: error: Trace: 246b4c73c7df4fbfb820334b4362848df23c1e8beb4ef16bc49639cb8c5cf0f1        
remote: error: See https://gh.io/lfs for more information.        
remote: error: File inst/extdata/hg19.rds is 143.53 MB; this exceeds GitHub's file size limit of 100.00 MB        
remote: error: File inst/extdata/mm10.rds is 127.21 MB; this exceeds GitHub's file size limit of 100.00 MB        
remote: error: GH001: Large files detected. You may want to try Git Large File Storage - https://git-lfs.github.com.        
To github.com:bioconductor-source/SCATEData.git
 ! [remote rejected] RELEASE_3_12 -> RELEASE_3_12 (pre-receive hook declined)
 ! [remote rejected] RELEASE_3_13 -> RELEASE_3_13 (pre-receive hook declined)
 ! [remote rejected] RELEASE_3_14 -> RELEASE_3_14 (pre-receive hook declined)
 ! [remote rejected] RELEASE_3_15 -> RELEASE_3_15 (pre-receive hook declined)
 ! [remote rejected] RELEASE_3_16 -> RELEASE_3_16 (pre-receive hook declined)
 ! [remote rejected] RELEASE_3_17 -> RELEASE_3_17 (pre-receive hook declined)
 ! [remote rejected] RELEASE_3_18 -> RELEASE_3_18 (pre-receive hook declined)
 ! [remote rejected] devel -> devel (pre-receive hook declined)
error: failed to push some refs to 'github.com:bioconductor-source/SCATEData.git'

[EXIT CODE] 1

###################################################
Package: RforProteomics
Time: Mon Jul 13 12:08:04 PM EDT 2026
###################################################
[CLONE]
Cloning into bare repository 'RforProteomics.git'...
[PUSH]
remote: error: Trace: e0d3d953ef06b5a1733b49bc355e4995b71c354f38fc19c7ced4f0fe9447f6c3        
remote: error: See https://gh.io/lfs for more information.        
remote: error: File inst/doc/vigsrc/TMT_Erwinia_1uLSike_Top10HCD_isol2_45stepped_60min_01.mzXML is 231.77 MB; this exceeds GitHub's file size limit of 100.00 MB        
remote: error: GH001: Large files detected. You may want to try Git Large File Storage - https://git-lfs.github.com.        
To github.com:bioconductor-source/RforProteomics.git
 ! [remote rejected] RELEASE_2_13 -> RELEASE_2_13 (pre-receive hook declined)
 ! [remote rejected] RELEASE_2_14 -> RELEASE_2_14 (pre-receive hook declined)
 ! [remote rejected] RELEASE_3_0 -> RELEASE_3_0 (pre-receive hook declined)
 ! [remote rejected] RELEASE_3_1 -> RELEASE_3_1 (pre-receive hook declined)
 ! [remote rejected] RELEASE_3_10 -> RELEASE_3_10 (pre-receive hook declined)
 ! [remote rejected] RELEASE_3_11 -> RELEASE_3_11 (pre-receive hook declined)
 ! [remote rejected] RELEASE_3_12 -> RELEASE_3_12 (pre-receive hook declined)
 ! [remote rejected] RELEASE_3_13 -> RELEASE_3_13 (pre-receive hook declined)
 ! [remote rejected] RELEASE_3_14 -> RELEASE_3_14 (pre-receive hook declined)
 ! [remote rejected] RELEASE_3_15 -> RELEASE_3_15 (pre-receive hook declined)
 ! [remote rejected] RELEASE_3_16 -> RELEASE_3_16 (pre-receive hook declined)
 ! [remote rejected] RELEASE_3_17 -> RELEASE_3_17 (pre-receive hook declined)
 ! [remote rejected] RELEASE_3_18 -> RELEASE_3_18 (pre-receive hook declined)
 ! [remote rejected] RELEASE_3_19 -> RELEASE_3_19 (pre-receive hook declined)
 ! [remote rejected] RELEASE_3_2 -> RELEASE_3_2 (pre-receive hook declined)
 ! [remote rejected] RELEASE_3_20 -> RELEASE_3_20 (pre-receive hook declined)
 ! [remote rejected] RELEASE_3_21 -> RELEASE_3_21 (pre-receive hook declined)
 ! [remote rejected] RELEASE_3_22 -> RELEASE_3_22 (pre-receive hook declined)
 ! [remote rejected] RELEASE_3_23 -> RELEASE_3_23 (pre-receive hook declined)
 ! [remote rejected] RELEASE_3_3 -> RELEASE_3_3 (pre-receive hook declined)
 ! [remote rejected] RELEASE_3_4 -> RELEASE_3_4 (pre-receive hook declined)
 ! [remote rejected] RELEASE_3_5 -> RELEASE_3_5 (pre-receive hook declined)
 ! [remote rejected] RELEASE_3_6 -> RELEASE_3_6 (pre-receive hook declined)
 ! [remote rejected] RELEASE_3_7 -> RELEASE_3_7 (pre-receive hook declined)
 ! [remote rejected] RELEASE_3_8 -> RELEASE_3_8 (pre-receive hook declined)
 ! [remote rejected] RELEASE_3_9 -> RELEASE_3_9 (pre-receive hook declined)
 ! [remote rejected] devel -> devel (pre-receive hook declined)
error: failed to push some refs to 'github.com:bioconductor-source/RforProteomics.git'

[EXIT CODE] 1

###################################################
Package: mammaPrintData
Time: Mon Jul 13 12:08:34 PM EDT 2026
###################################################
[CLONE]
Cloning into bare repository 'mammaPrintData.git'...
[PUSH]
remote: warning: File inst/extdata/ETABM115/E-TABM-115.raw.1.zip is 70.11 MB; this is larger than GitHub's recommended maximum file size of 50.00 MB        
remote: error: Trace: 23a7a3e731d5a4d54e093005da6c6a7ec5068ed396038e82267e0e21f5275bd4        
remote: error: See https://gh.io/lfs for more information.        
remote: error: File inst/extdata/ETABM77/E-TABM-77.raw.1.zip is 133.17 MB; this exceeds GitHub's file size limit of 100.00 MB        
remote: error: GH001: Large files detected. You may want to try Git Large File Storage - https://git-lfs.github.com.        
To github.com:bioconductor-source/mammaPrintData.git
 ! [remote rejected] devel -> devel (pre-receive hook declined)
 ! [remote rejected] RELEASE_2_13 -> RELEASE_2_13 (pre-receive hook declined)
 ! [remote rejected] RELEASE_2_14 -> RELEASE_2_14 (pre-receive hook declined)
 ! [remote rejected] RELEASE_3_0 -> RELEASE_3_0 (pre-receive hook declined)
 ! [remote rejected] RELEASE_3_1 -> RELEASE_3_1 (pre-receive hook declined)
 ! [remote rejected] RELEASE_3_10 -> RELEASE_3_10 (pre-receive hook declined)
 ! [remote rejected] RELEASE_3_11 -> RELEASE_3_11 (pre-receive hook declined)
 ! [remote rejected] RELEASE_3_12 -> RELEASE_3_12 (pre-receive hook declined)
 ! [remote rejected] RELEASE_3_13 -> RELEASE_3_13 (pre-receive hook declined)
 ! [remote rejected] RELEASE_3_14 -> RELEASE_3_14 (pre-receive hook declined)
 ! [remote rejected] RELEASE_3_15 -> RELEASE_3_15 (pre-receive hook declined)
 ! [remote rejected] RELEASE_3_16 -> RELEASE_3_16 (pre-receive hook declined)
 ! [remote rejected] RELEASE_3_17 -> RELEASE_3_17 (pre-receive hook declined)
 ! [remote rejected] RELEASE_3_18 -> RELEASE_3_18 (pre-receive hook declined)
 ! [remote rejected] RELEASE_3_19 -> RELEASE_3_19 (pre-receive hook declined)
 ! [remote rejected] RELEASE_3_2 -> RELEASE_3_2 (pre-receive hook declined)
 ! [remote rejected] RELEASE_3_20 -> RELEASE_3_20 (pre-receive hook declined)
 ! [remote rejected] RELEASE_3_21 -> RELEASE_3_21 (pre-receive hook declined)
 ! [remote rejected] RELEASE_3_22 -> RELEASE_3_22 (pre-receive hook declined)
 ! [remote rejected] RELEASE_3_23 -> RELEASE_3_23 (pre-receive hook declined)
 ! [remote rejected] RELEASE_3_3 -> RELEASE_3_3 (pre-receive hook declined)
 ! [remote rejected] RELEASE_3_4 -> RELEASE_3_4 (pre-receive hook declined)
 ! [remote rejected] RELEASE_3_5 -> RELEASE_3_5 (pre-receive hook declined)
 ! [remote rejected] RELEASE_3_6 -> RELEASE_3_6 (pre-receive hook declined)
 ! [remote rejected] RELEASE_3_7 -> RELEASE_3_7 (pre-receive hook declined)
 ! [remote rejected] RELEASE_3_8 -> RELEASE_3_8 (pre-receive hook declined)
 ! [remote rejected] RELEASE_3_9 -> RELEASE_3_9 (pre-receive hook declined)
error: failed to push some refs to 'github.com:bioconductor-source/mammaPrintData.git'

[EXIT CODE] 1

###################################################
Package: hapmapsnp6
Time: Mon Jul 13 12:10:00 PM EDT 2026
###################################################
[CLONE]
Cloning into bare repository 'hapmapsnp6.git'...
[PUSH]
remote: warning: File inst/celFiles/NA06985_GW6_C.CEL is 65.86 MB; this is larger than GitHub's recommended maximum file size of 50.00 MB        
remote: warning: File inst/celFiles/NA06991_GW6_C.CEL is 65.85 MB; this is larger than GitHub's recommended maximum file size of 50.00 MB        
remote: warning: File inst/celFiles/NA06993_GW6_C.CEL is 65.86 MB; this is larger than GitHub's recommended maximum file size of 50.00 MB        
remote: error: Trace: 71ea2555479696adce369481f0dc06f7ee0ec90fe00ecbd19192ba95579a1667        
remote: error: See https://gh.io/lfs for more information.        
remote: error: File data/crlmmResult.rda is 183.16 MB; this exceeds GitHub's file size limit of 100.00 MB        
remote: error: GH001: Large files detected. You may want to try Git Large File Storage - https://git-lfs.github.com.        
To github.com:bioconductor-source/hapmapsnp6.git
 ! [remote rejected] RELEASE_2_13 -> RELEASE_2_13 (pre-receive hook declined)
 ! [remote rejected] RELEASE_2_14 -> RELEASE_2_14 (pre-receive hook declined)
 ! [remote rejected] RELEASE_3_0 -> RELEASE_3_0 (pre-receive hook declined)
 ! [remote rejected] RELEASE_3_1 -> RELEASE_3_1 (pre-receive hook declined)
 ! [remote rejected] RELEASE_3_10 -> RELEASE_3_10 (pre-receive hook declined)
 ! [remote rejected] RELEASE_3_11 -> RELEASE_3_11 (pre-receive hook declined)
 ! [remote rejected] RELEASE_3_12 -> RELEASE_3_12 (pre-receive hook declined)
 ! [remote rejected] RELEASE_3_13 -> RELEASE_3_13 (pre-receive hook declined)
 ! [remote rejected] RELEASE_3_14 -> RELEASE_3_14 (pre-receive hook declined)
 ! [remote rejected] RELEASE_3_15 -> RELEASE_3_15 (pre-receive hook declined)
 ! [remote rejected] RELEASE_3_16 -> RELEASE_3_16 (pre-receive hook declined)
 ! [remote rejected] RELEASE_3_17 -> RELEASE_3_17 (pre-receive hook declined)
 ! [remote rejected] RELEASE_3_18 -> RELEASE_3_18 (pre-receive hook declined)
 ! [remote rejected] RELEASE_3_19 -> RELEASE_3_19 (pre-receive hook declined)
 ! [remote rejected] RELEASE_3_2 -> RELEASE_3_2 (pre-receive hook declined)
 ! [remote rejected] RELEASE_3_20 -> RELEASE_3_20 (pre-receive hook declined)
 ! [remote rejected] RELEASE_3_21 -> RELEASE_3_21 (pre-receive hook declined)
 ! [remote rejected] RELEASE_3_22 -> RELEASE_3_22 (pre-receive hook declined)
 ! [remote rejected] RELEASE_3_23 -> RELEASE_3_23 (pre-receive hook declined)
 ! [remote rejected] RELEASE_3_3 -> RELEASE_3_3 (pre-receive hook declined)
 ! [remote rejected] RELEASE_3_4 -> RELEASE_3_4 (pre-receive hook declined)
 ! [remote rejected] RELEASE_3_5 -> RELEASE_3_5 (pre-receive hook declined)
 ! [remote rejected] RELEASE_3_6 -> RELEASE_3_6 (pre-receive hook declined)
 ! [remote rejected] RELEASE_3_7 -> RELEASE_3_7 (pre-receive hook declined)
 ! [remote rejected] RELEASE_3_8 -> RELEASE_3_8 (pre-receive hook declined)
 ! [remote rejected] RELEASE_3_9 -> RELEASE_3_9 (pre-receive hook declined)
 ! [remote rejected] devel -> devel (pre-receive hook declined)
error: failed to push some refs to 'github.com:bioconductor-source/hapmapsnp6.git'

[EXIT CODE] 1

###################################################
Package: Affymoe4302Expr
Time: Mon Jul 13 12:11:32 PM EDT 2026
###################################################
[CLONE]
Cloning into bare repository 'Affymoe4302Expr.git'...
[PUSH]
remote: error: Trace: 719b66df8b9657f9b758babdad726a52a88f25c6c67e2ba7a075108f04cd72cc        
remote: error: See https://gh.io/lfs for more information.        
remote: error: File inst/extdata/data.h5 is 420.89 MB; this exceeds GitHub's file size limit of 100.00 MB        
remote: error: GH001: Large files detected. You may want to try Git Large File Storage - https://git-lfs.github.com.        
To github.com:bioconductor-source/Affymoe4302Expr.git
 ! [remote rejected] RELEASE_2_14 -> RELEASE_2_14 (pre-receive hook declined)
 ! [remote rejected] RELEASE_3_0 -> RELEASE_3_0 (pre-receive hook declined)
 ! [remote rejected] RELEASE_3_1 -> RELEASE_3_1 (pre-receive hook declined)
 ! [remote rejected] RELEASE_3_10 -> RELEASE_3_10 (pre-receive hook declined)
 ! [remote rejected] RELEASE_3_11 -> RELEASE_3_11 (pre-receive hook declined)
 ! [remote rejected] RELEASE_3_12 -> RELEASE_3_12 (pre-receive hook declined)
 ! [remote rejected] RELEASE_3_13 -> RELEASE_3_13 (pre-receive hook declined)
 ! [remote rejected] RELEASE_3_14 -> RELEASE_3_14 (pre-receive hook declined)
 ! [remote rejected] RELEASE_3_15 -> RELEASE_3_15 (pre-receive hook declined)
 ! [remote rejected] RELEASE_3_16 -> RELEASE_3_16 (pre-receive hook declined)
 ! [remote rejected] RELEASE_3_17 -> RELEASE_3_17 (pre-receive hook declined)
 ! [remote rejected] RELEASE_3_18 -> RELEASE_3_18 (pre-receive hook declined)
 ! [remote rejected] RELEASE_3_19 -> RELEASE_3_19 (pre-receive hook declined)
 ! [remote rejected] RELEASE_3_2 -> RELEASE_3_2 (pre-receive hook declined)
 ! [remote rejected] RELEASE_3_20 -> RELEASE_3_20 (pre-receive hook declined)
 ! [remote rejected] RELEASE_3_21 -> RELEASE_3_21 (pre-receive hook declined)
 ! [remote rejected] RELEASE_3_22 -> RELEASE_3_22 (pre-receive hook declined)
 ! [remote rejected] RELEASE_3_23 -> RELEASE_3_23 (pre-receive hook declined)
 ! [remote rejected] RELEASE_3_3 -> RELEASE_3_3 (pre-receive hook declined)
 ! [remote rejected] RELEASE_3_4 -> RELEASE_3_4 (pre-receive hook declined)
 ! [remote rejected] RELEASE_3_5 -> RELEASE_3_5 (pre-receive hook declined)
 ! [remote rejected] RELEASE_3_6 -> RELEASE_3_6 (pre-receive hook declined)
 ! [remote rejected] RELEASE_3_7 -> RELEASE_3_7 (pre-receive hook declined)
 ! [remote rejected] RELEASE_3_8 -> RELEASE_3_8 (pre-receive hook declined)
 ! [remote rejected] RELEASE_3_9 -> RELEASE_3_9 (pre-receive hook declined)
 ! [remote rejected] devel -> devel (pre-receive hook declined)
error: failed to push some refs to 'github.com:bioconductor-source/Affymoe4302Expr.git'

[EXIT CODE] 1

###################################################
Package: SVM2CRMdata
Time: Mon Jul 13 12:12:53 PM EDT 2026
###################################################
[CLONE]
Cloning into bare repository 'SVM2CRMdata.git'...
[PUSH]
remote: warning: File inst/extdata/CD4-H2AK9ac.sort.txt.bz2 is 83.55 MB; this is larger than GitHub's recommended maximum file size of 50.00 MB        
remote: warning: File inst/extdata/CD4-H3K23ac.sort.txt.bz2 is 86.32 MB; this is larger than GitHub's recommended maximum file size of 50.00 MB        
remote: warning: File inst/extdata/CD4-H3K27ac.sort.txt.bz2 is 83.79 MB; this is larger than GitHub's recommended maximum file size of 50.00 MB        
remote: warning: File inst/extdata/H3K4me1.sort.txt.bz2 is 97.15 MB; this is larger than GitHub's recommended maximum file size of 50.00 MB        
remote: warning: File inst/extdata/H3K4me2.sort.txt.bz2 is 91.44 MB; this is larger than GitHub's recommended maximum file size of 50.00 MB        
remote: warning: File inst/extdata/CD4-H2AK5ac.sort.txt.bz2 is 88.29 MB; this is larger than GitHub's recommended maximum file size of 50.00 MB        
remote: error: Trace: e6f3395d59fdcaa087ceb955f6b88ffed9aa5b10ea590c331faa91fe4b0bc763        
remote: error: See https://gh.io/lfs for more information.        
remote: error: File inst/extdata/H3K4me3.sort.txt.bz2 is 104.38 MB; this exceeds GitHub's file size limit of 100.00 MB        
remote: error: GH001: Large files detected. You may want to try Git Large File Storage - https://git-lfs.github.com.        
To github.com:bioconductor-source/SVM2CRMdata.git
 ! [remote rejected] RELEASE_3_1 -> RELEASE_3_1 (pre-receive hook declined)
 ! [remote rejected] RELEASE_3_10 -> RELEASE_3_10 (pre-receive hook declined)
 ! [remote rejected] RELEASE_3_11 -> RELEASE_3_11 (pre-receive hook declined)
 ! [remote rejected] RELEASE_3_12 -> RELEASE_3_12 (pre-receive hook declined)
 ! [remote rejected] RELEASE_3_13 -> RELEASE_3_13 (pre-receive hook declined)
 ! [remote rejected] RELEASE_3_14 -> RELEASE_3_14 (pre-receive hook declined)
 ! [remote rejected] RELEASE_3_15 -> RELEASE_3_15 (pre-receive hook declined)
 ! [remote rejected] RELEASE_3_16 -> RELEASE_3_16 (pre-receive hook declined)
 ! [remote rejected] RELEASE_3_17 -> RELEASE_3_17 (pre-receive hook declined)
 ! [remote rejected] RELEASE_3_18 -> RELEASE_3_18 (pre-receive hook declined)
 ! [remote rejected] RELEASE_3_19 -> RELEASE_3_19 (pre-receive hook declined)
 ! [remote rejected] RELEASE_3_2 -> RELEASE_3_2 (pre-receive hook declined)
 ! [remote rejected] RELEASE_3_20 -> RELEASE_3_20 (pre-receive hook declined)
 ! [remote rejected] RELEASE_3_21 -> RELEASE_3_21 (pre-receive hook declined)
 ! [remote rejected] RELEASE_3_22 -> RELEASE_3_22 (pre-receive hook declined)
 ! [remote rejected] RELEASE_3_23 -> RELEASE_3_23 (pre-receive hook declined)
 ! [remote rejected] RELEASE_3_3 -> RELEASE_3_3 (pre-receive hook declined)
 ! [remote rejected] RELEASE_3_4 -> RELEASE_3_4 (pre-receive hook declined)
 ! [remote rejected] RELEASE_3_5 -> RELEASE_3_5 (pre-receive hook declined)
 ! [remote rejected] RELEASE_3_6 -> RELEASE_3_6 (pre-receive hook declined)
 ! [remote rejected] RELEASE_3_7 -> RELEASE_3_7 (pre-receive hook declined)
 ! [remote rejected] RELEASE_3_8 -> RELEASE_3_8 (pre-receive hook declined)
 ! [remote rejected] RELEASE_3_9 -> RELEASE_3_9 (pre-receive hook declined)
 ! [remote rejected] devel -> devel (pre-receive hook declined)
error: failed to push some refs to 'github.com:bioconductor-source/SVM2CRMdata.git'

[EXIT CODE] 1

###################################################
Package: FlowSorted.Blood.450k
Time: Mon Jul 13 12:16:08 PM EDT 2026
###################################################
[CLONE]
Cloning into bare repository 'FlowSorted.Blood.450k.git'...
[PUSH]
remote: error: Trace: 75378e25fe6f94358a46c2ce4e1df2c52b9ed155e403a540c8679e36a4f7668c        
remote: error: See https://gh.io/lfs for more information.        
remote: error: File data/FlowSorted.Blood.450k.rda is 130.84 MB; this exceeds GitHub's file size limit of 100.00 MB        
remote: error: File data/FlowSorted.Blood.450k.rda is 129.42 MB; this exceeds GitHub's file size limit of 100.00 MB        
remote: error: GH001: Large files detected. You may want to try Git Large File Storage - https://git-lfs.github.com.        
To github.com:bioconductor-source/FlowSorted.Blood.450k.git
 ! [remote rejected] devel -> devel (pre-receive hook declined)
 ! [remote rejected] RELEASE_2_13 -> RELEASE_2_13 (pre-receive hook declined)
 ! [remote rejected] RELEASE_2_14 -> RELEASE_2_14 (pre-receive hook declined)
 ! [remote rejected] RELEASE_3_0 -> RELEASE_3_0 (pre-receive hook declined)
 ! [remote rejected] RELEASE_3_1 -> RELEASE_3_1 (pre-receive hook declined)
 ! [remote rejected] RELEASE_3_10 -> RELEASE_3_10 (pre-receive hook declined)
 ! [remote rejected] RELEASE_3_11 -> RELEASE_3_11 (pre-receive hook declined)
 ! [remote rejected] RELEASE_3_12 -> RELEASE_3_12 (pre-receive hook declined)
 ! [remote rejected] RELEASE_3_13 -> RELEASE_3_13 (pre-receive hook declined)
 ! [remote rejected] RELEASE_3_14 -> RELEASE_3_14 (pre-receive hook declined)
 ! [remote rejected] RELEASE_3_15 -> RELEASE_3_15 (pre-receive hook declined)
 ! [remote rejected] RELEASE_3_16 -> RELEASE_3_16 (pre-receive hook declined)
 ! [remote rejected] RELEASE_3_17 -> RELEASE_3_17 (pre-receive hook declined)
 ! [remote rejected] RELEASE_3_18 -> RELEASE_3_18 (pre-receive hook declined)
 ! [remote rejected] RELEASE_3_19 -> RELEASE_3_19 (pre-receive hook declined)
 ! [remote rejected] RELEASE_3_2 -> RELEASE_3_2 (pre-receive hook declined)
 ! [remote rejected] RELEASE_3_20 -> RELEASE_3_20 (pre-receive hook declined)
 ! [remote rejected] RELEASE_3_21 -> RELEASE_3_21 (pre-receive hook declined)
 ! [remote rejected] RELEASE_3_22 -> RELEASE_3_22 (pre-receive hook declined)
 ! [remote rejected] RELEASE_3_23 -> RELEASE_3_23 (pre-receive hook declined)
 ! [remote rejected] RELEASE_3_3 -> RELEASE_3_3 (pre-receive hook declined)
 ! [remote rejected] RELEASE_3_4 -> RELEASE_3_4 (pre-receive hook declined)
 ! [remote rejected] RELEASE_3_5 -> RELEASE_3_5 (pre-receive hook declined)
 ! [remote rejected] RELEASE_3_6 -> RELEASE_3_6 (pre-receive hook declined)
 ! [remote rejected] RELEASE_3_7 -> RELEASE_3_7 (pre-receive hook declined)
 ! [remote rejected] RELEASE_3_8 -> RELEASE_3_8 (pre-receive hook declined)
 ! [remote rejected] RELEASE_3_9 -> RELEASE_3_9 (pre-receive hook declined)
error: failed to push some refs to 'github.com:bioconductor-source/FlowSorted.Blood.450k.git'

[EXIT CODE] 1

###################################################
Package: MMDiffBamSubset
Time: Mon Jul 13 12:17:12 PM EDT 2026
###################################################
[CLONE]
Cloning into bare repository 'MMDiffBamSubset.git'...
[PUSH]
remote: warning: File inst/extdata/reads/Null_2.bam is 70.99 MB; this is larger than GitHub's recommended maximum file size of 50.00 MB        
remote: warning: File inst/extdata/reads/WT_2.bam is 72.06 MB; this is larger than GitHub's recommended maximum file size of 50.00 MB        
remote: error: Trace: 48d3742876dcdd97fd328ab08a6ca8a5cb9442f28a10010c8440ac8c251be4f2        
remote: error: See https://gh.io/lfs for more information.        
remote: error: File inst/extdata/reads/Input.bam is 380.59 MB; this exceeds GitHub's file size limit of 100.00 MB        
remote: error: File inst/extdata/reads/Resc_2.bam is 107.94 MB; this exceeds GitHub's file size limit of 100.00 MB        
remote: error: GH001: Large files detected. You may want to try Git Large File Storage - https://git-lfs.github.com.        
To github.com:bioconductor-source/MMDiffBamSubset.git
 ! [remote rejected] RELEASE_2_13 -> RELEASE_2_13 (pre-receive hook declined)
 ! [remote rejected] RELEASE_2_14 -> RELEASE_2_14 (pre-receive hook declined)
 ! [remote rejected] RELEASE_3_0 -> RELEASE_3_0 (pre-receive hook declined)
 ! [remote rejected] RELEASE_3_1 -> RELEASE_3_1 (pre-receive hook declined)
 ! [remote rejected] RELEASE_3_10 -> RELEASE_3_10 (pre-receive hook declined)
 ! [remote rejected] RELEASE_3_11 -> RELEASE_3_11 (pre-receive hook declined)
 ! [remote rejected] RELEASE_3_12 -> RELEASE_3_12 (pre-receive hook declined)
 ! [remote rejected] RELEASE_3_13 -> RELEASE_3_13 (pre-receive hook declined)
 ! [remote rejected] RELEASE_3_14 -> RELEASE_3_14 (pre-receive hook declined)
 ! [remote rejected] RELEASE_3_15 -> RELEASE_3_15 (pre-receive hook declined)
 ! [remote rejected] RELEASE_3_16 -> RELEASE_3_16 (pre-receive hook declined)
 ! [remote rejected] RELEASE_3_17 -> RELEASE_3_17 (pre-receive hook declined)
 ! [remote rejected] RELEASE_3_18 -> RELEASE_3_18 (pre-receive hook declined)
 ! [remote rejected] RELEASE_3_19 -> RELEASE_3_19 (pre-receive hook declined)
 ! [remote rejected] RELEASE_3_2 -> RELEASE_3_2 (pre-receive hook declined)
 ! [remote rejected] RELEASE_3_20 -> RELEASE_3_20 (pre-receive hook declined)
 ! [remote rejected] RELEASE_3_21 -> RELEASE_3_21 (pre-receive hook declined)
 ! [remote rejected] RELEASE_3_22 -> RELEASE_3_22 (pre-receive hook declined)
 ! [remote rejected] RELEASE_3_23 -> RELEASE_3_23 (pre-receive hook declined)
 ! [remote rejected] RELEASE_3_3 -> RELEASE_3_3 (pre-receive hook declined)
 ! [remote rejected] RELEASE_3_4 -> RELEASE_3_4 (pre-receive hook declined)
 ! [remote rejected] RELEASE_3_5 -> RELEASE_3_5 (pre-receive hook declined)
 ! [remote rejected] RELEASE_3_6 -> RELEASE_3_6 (pre-receive hook declined)
 ! [remote rejected] RELEASE_3_7 -> RELEASE_3_7 (pre-receive hook declined)
 ! [remote rejected] RELEASE_3_8 -> RELEASE_3_8 (pre-receive hook declined)
 ! [remote rejected] RELEASE_3_9 -> RELEASE_3_9 (pre-receive hook declined)
 ! [remote rejected] devel -> devel (pre-receive hook declined)
error: failed to push some refs to 'github.com:bioconductor-source/MMDiffBamSubset.git'

[EXIT CODE] 1

###################################################
Package: ListerEtAlBSseq
Time: Mon Jul 13 12:19:34 PM EDT 2026
###################################################
[CLONE]
Cloning into bare repository 'ListerEtAlBSseq.git'...
[PUSH]
remote: error: Trace: c597103ab860594c84574f1b51e77e559e0e3c22eb00bed031885c3e10603c4b        
remote: error: See https://gh.io/lfs for more information.        
remote: error: File inst/extdata/mc_h1_tabix.txt.gz is 379.16 MB; this exceeds GitHub's file size limit of 100.00 MB        
remote: error: File inst/extdata/mc_i90_tabix.txt.gz is 268.33 MB; this exceeds GitHub's file size limit of 100.00 MB        
remote: error: GH001: Large files detected. You may want to try Git Large File Storage - https://git-lfs.github.com.        
To github.com:bioconductor-source/ListerEtAlBSseq.git
 ! [remote rejected] RELEASE_3_0 -> RELEASE_3_0 (pre-receive hook declined)
 ! [remote rejected] RELEASE_3_1 -> RELEASE_3_1 (pre-receive hook declined)
 ! [remote rejected] RELEASE_3_10 -> RELEASE_3_10 (pre-receive hook declined)
 ! [remote rejected] RELEASE_3_11 -> RELEASE_3_11 (pre-receive hook declined)
 ! [remote rejected] RELEASE_3_12 -> RELEASE_3_12 (pre-receive hook declined)
 ! [remote rejected] RELEASE_3_13 -> RELEASE_3_13 (pre-receive hook declined)
 ! [remote rejected] RELEASE_3_14 -> RELEASE_3_14 (pre-receive hook declined)
 ! [remote rejected] RELEASE_3_15 -> RELEASE_3_15 (pre-receive hook declined)
 ! [remote rejected] RELEASE_3_16 -> RELEASE_3_16 (pre-receive hook declined)
 ! [remote rejected] RELEASE_3_17 -> RELEASE_3_17 (pre-receive hook declined)
 ! [remote rejected] RELEASE_3_18 -> RELEASE_3_18 (pre-receive hook declined)
 ! [remote rejected] RELEASE_3_19 -> RELEASE_3_19 (pre-receive hook declined)
 ! [remote rejected] RELEASE_3_2 -> RELEASE_3_2 (pre-receive hook declined)
 ! [remote rejected] RELEASE_3_20 -> RELEASE_3_20 (pre-receive hook declined)
 ! [remote rejected] RELEASE_3_21 -> RELEASE_3_21 (pre-receive hook declined)
 ! [remote rejected] RELEASE_3_22 -> RELEASE_3_22 (pre-receive hook declined)
 ! [remote rejected] RELEASE_3_23 -> RELEASE_3_23 (pre-receive hook declined)
 ! [remote rejected] RELEASE_3_3 -> RELEASE_3_3 (pre-receive hook declined)
 ! [remote rejected] RELEASE_3_4 -> RELEASE_3_4 (pre-receive hook declined)
 ! [remote rejected] RELEASE_3_5 -> RELEASE_3_5 (pre-receive hook declined)
 ! [remote rejected] RELEASE_3_6 -> RELEASE_3_6 (pre-receive hook declined)
 ! [remote rejected] RELEASE_3_7 -> RELEASE_3_7 (pre-receive hook declined)
 ! [remote rejected] RELEASE_3_8 -> RELEASE_3_8 (pre-receive hook declined)
 ! [remote rejected] RELEASE_3_9 -> RELEASE_3_9 (pre-receive hook declined)
 ! [remote rejected] devel -> devel (pre-receive hook declined)
error: failed to push some refs to 'github.com:bioconductor-source/ListerEtAlBSseq.git'

[EXIT CODE] 1

###################################################
Package: waveTilingData
Time: Mon Jul 13 12:21:44 PM EDT 2026
###################################################
[CLONE]
Cloning into bare repository 'waveTilingData.git'...
[PUSH]
remote: warning: File data/leafdevBQ.rda is 95.43 MB; this is larger than GitHub's recommended maximum file size of 50.00 MB        
remote: error: Trace: b7f00cab1f72638ceb95b3c8b5fd7c9ebdf0beff3372fb7f7617ae5ea50829b6        
remote: error: See https://gh.io/lfs for more information.        
remote: error: File data/leafdev.rda is 107.05 MB; this exceeds GitHub's file size limit of 100.00 MB        
remote: error: GH001: Large files detected. You may want to try Git Large File Storage - https://git-lfs.github.com.        
To github.com:bioconductor-source/waveTilingData.git
 ! [remote rejected] RELEASE_2_13 -> RELEASE_2_13 (pre-receive hook declined)
 ! [remote rejected] RELEASE_2_14 -> RELEASE_2_14 (pre-receive hook declined)
 ! [remote rejected] RELEASE_3_0 -> RELEASE_3_0 (pre-receive hook declined)
 ! [remote rejected] RELEASE_3_1 -> RELEASE_3_1 (pre-receive hook declined)
 ! [remote rejected] RELEASE_3_10 -> RELEASE_3_10 (pre-receive hook declined)
 ! [remote rejected] RELEASE_3_11 -> RELEASE_3_11 (pre-receive hook declined)
 ! [remote rejected] RELEASE_3_12 -> RELEASE_3_12 (pre-receive hook declined)
 ! [remote rejected] RELEASE_3_2 -> RELEASE_3_2 (pre-receive hook declined)
 ! [remote rejected] RELEASE_3_3 -> RELEASE_3_3 (pre-receive hook declined)
 ! [remote rejected] RELEASE_3_4 -> RELEASE_3_4 (pre-receive hook declined)
 ! [remote rejected] RELEASE_3_5 -> RELEASE_3_5 (pre-receive hook declined)
 ! [remote rejected] RELEASE_3_6 -> RELEASE_3_6 (pre-receive hook declined)
 ! [remote rejected] RELEASE_3_7 -> RELEASE_3_7 (pre-receive hook declined)
 ! [remote rejected] RELEASE_3_8 -> RELEASE_3_8 (pre-receive hook declined)
 ! [remote rejected] RELEASE_3_9 -> RELEASE_3_9 (pre-receive hook declined)
 ! [remote rejected] devel -> devel (pre-receive hook declined)
error: failed to push some refs to 'github.com:bioconductor-source/waveTilingData.git'

[EXIT CODE] 1

###################################################
Package: yriMulti
Time: Mon Jul 13 12:22:28 PM EDT 2026
###################################################
[CLONE]
Cloning into bare repository 'yriMulti.git'...
[PUSH]
remote: error: Trace: 947fc8e451684115da68ae6bf720d3870a930dd9a4183cb0c4eb5628f2a012aa        
remote: error: See https://gh.io/lfs for more information.        
remote: error: File data/banovichSE.rda is 172.16 MB; this exceeds GitHub's file size limit of 100.00 MB        
remote: error: GH001: Large files detected. You may want to try Git Large File Storage - https://git-lfs.github.com.        
To github.com:bioconductor-source/yriMulti.git
 ! [remote rejected] RELEASE_3_10 -> RELEASE_3_10 (pre-receive hook declined)
 ! [remote rejected] RELEASE_3_11 -> RELEASE_3_11 (pre-receive hook declined)
 ! [remote rejected] RELEASE_3_12 -> RELEASE_3_12 (pre-receive hook declined)
 ! [remote rejected] RELEASE_3_3 -> RELEASE_3_3 (pre-receive hook declined)
 ! [remote rejected] RELEASE_3_4 -> RELEASE_3_4 (pre-receive hook declined)
 ! [remote rejected] RELEASE_3_5 -> RELEASE_3_5 (pre-receive hook declined)
 ! [remote rejected] RELEASE_3_6 -> RELEASE_3_6 (pre-receive hook declined)
 ! [remote rejected] RELEASE_3_7 -> RELEASE_3_7 (pre-receive hook declined)
 ! [remote rejected] RELEASE_3_8 -> RELEASE_3_8 (pre-receive hook declined)
 ! [remote rejected] RELEASE_3_9 -> RELEASE_3_9 (pre-receive hook declined)
 ! [remote rejected] devel -> devel (pre-receive hook declined)
error: failed to push some refs to 'github.com:bioconductor-source/yriMulti.git'

[EXIT CODE] 1

###################################################
Package: Affyhgu133Plus2Expr
Time: Mon Jul 13 12:22:59 PM EDT 2026
###################################################
[CLONE]
Cloning into bare repository 'Affyhgu133Plus2Expr.git'...
[PUSH]
remote: error: Trace: 8217c0ffba58757f960e024ac4a76e9bbf9140310ed27b795239118fa5886e5e        
remote: error: See https://gh.io/lfs for more information.        
remote: error: File inst/extdata/data.h5 is 226.40 MB; this exceeds GitHub's file size limit of 100.00 MB        
remote: error: GH001: Large files detected. You may want to try Git Large File Storage - https://git-lfs.github.com.        
To github.com:bioconductor-source/Affyhgu133Plus2Expr.git
 ! [remote rejected] devel -> devel (pre-receive hook declined)
 ! [remote rejected] RELEASE_2_14 -> RELEASE_2_14 (pre-receive hook declined)
 ! [remote rejected] RELEASE_3_0 -> RELEASE_3_0 (pre-receive hook declined)
 ! [remote rejected] RELEASE_3_1 -> RELEASE_3_1 (pre-receive hook declined)
 ! [remote rejected] RELEASE_3_10 -> RELEASE_3_10 (pre-receive hook declined)
 ! [remote rejected] RELEASE_3_11 -> RELEASE_3_11 (pre-receive hook declined)
 ! [remote rejected] RELEASE_3_12 -> RELEASE_3_12 (pre-receive hook declined)
 ! [remote rejected] RELEASE_3_13 -> RELEASE_3_13 (pre-receive hook declined)
 ! [remote rejected] RELEASE_3_14 -> RELEASE_3_14 (pre-receive hook declined)
 ! [remote rejected] RELEASE_3_15 -> RELEASE_3_15 (pre-receive hook declined)
 ! [remote rejected] RELEASE_3_16 -> RELEASE_3_16 (pre-receive hook declined)
 ! [remote rejected] RELEASE_3_17 -> RELEASE_3_17 (pre-receive hook declined)
 ! [remote rejected] RELEASE_3_18 -> RELEASE_3_18 (pre-receive hook declined)
 ! [remote rejected] RELEASE_3_19 -> RELEASE_3_19 (pre-receive hook declined)
 ! [remote rejected] RELEASE_3_2 -> RELEASE_3_2 (pre-receive hook declined)
 ! [remote rejected] RELEASE_3_20 -> RELEASE_3_20 (pre-receive hook declined)
 ! [remote rejected] RELEASE_3_21 -> RELEASE_3_21 (pre-receive hook declined)
 ! [remote rejected] RELEASE_3_22 -> RELEASE_3_22 (pre-receive hook declined)
 ! [remote rejected] RELEASE_3_23 -> RELEASE_3_23 (pre-receive hook declined)
 ! [remote rejected] RELEASE_3_3 -> RELEASE_3_3 (pre-receive hook declined)
 ! [remote rejected] RELEASE_3_4 -> RELEASE_3_4 (pre-receive hook declined)
 ! [remote rejected] RELEASE_3_5 -> RELEASE_3_5 (pre-receive hook declined)
 ! [remote rejected] RELEASE_3_6 -> RELEASE_3_6 (pre-receive hook declined)
 ! [remote rejected] RELEASE_3_7 -> RELEASE_3_7 (pre-receive hook declined)
 ! [remote rejected] RELEASE_3_8 -> RELEASE_3_8 (pre-receive hook declined)
 ! [remote rejected] RELEASE_3_9 -> RELEASE_3_9 (pre-receive hook declined)
error: failed to push some refs to 'github.com:bioconductor-source/Affyhgu133Plus2Expr.git'

[EXIT CODE] 1

###################################################
Package: ELMER.data
Time: Mon Jul 13 12:23:37 PM EDT 2026
###################################################
[CLONE]
Cloning into bare repository 'ELMER.data.git'...
[PUSH]
remote: fatal: pack exceeds maximum allowed size (2.00 GiB)        
error: remote unpack failed: index-pack failed
To github.com:bioconductor-source/ELMER.data.git
 ! [remote rejected] RELEASE_3_10 -> RELEASE_3_10 (failed)
 ! [remote rejected] RELEASE_3_11 -> RELEASE_3_11 (failed)
 ! [remote rejected] RELEASE_3_12 -> RELEASE_3_12 (failed)
 ! [remote rejected] RELEASE_3_13 -> RELEASE_3_13 (failed)
 ! [remote rejected] RELEASE_3_14 -> RELEASE_3_14 (failed)
 ! [remote rejected] RELEASE_3_15 -> RELEASE_3_15 (failed)
 ! [remote rejected] RELEASE_3_16 -> RELEASE_3_16 (failed)
 ! [remote rejected] RELEASE_3_17 -> RELEASE_3_17 (failed)
 ! [remote rejected] RELEASE_3_18 -> RELEASE_3_18 (failed)
 ! [remote rejected] RELEASE_3_19 -> RELEASE_3_19 (failed)
 ! [remote rejected] RELEASE_3_2 -> RELEASE_3_2 (failed)
 ! [remote rejected] RELEASE_3_20 -> RELEASE_3_20 (failed)
 ! [remote rejected] RELEASE_3_21 -> RELEASE_3_21 (failed)
 ! [remote rejected] RELEASE_3_22 -> RELEASE_3_22 (failed)
 ! [remote rejected] RELEASE_3_23 -> RELEASE_3_23 (failed)
 ! [remote rejected] RELEASE_3_3 -> RELEASE_3_3 (failed)
 ! [remote rejected] RELEASE_3_4 -> RELEASE_3_4 (failed)
 ! [remote rejected] RELEASE_3_5 -> RELEASE_3_5 (failed)
 ! [remote rejected] RELEASE_3_6 -> RELEASE_3_6 (failed)
 ! [remote rejected] RELEASE_3_7 -> RELEASE_3_7 (failed)
 ! [remote rejected] RELEASE_3_8 -> RELEASE_3_8 (failed)
 ! [remote rejected] RELEASE_3_9 -> RELEASE_3_9 (failed)
 ! [remote rejected] devel -> devel (failed)
error: failed to push some refs to 'github.com:bioconductor-source/ELMER.data.git'

[EXIT CODE] 1

###################################################
Package: Affyhgu133aExpr
Time: Mon Jul 13 12:34:45 PM EDT 2026
###################################################
[CLONE]
Cloning into bare repository 'Affyhgu133aExpr.git'...
[PUSH]
remote: error: Trace: 72a188faac8e2f7e838cc187a576aa61879852448f78688cba7fe201f131f80b        
remote: error: See https://gh.io/lfs for more information.        
remote: error: File inst/extdata/data.h5 is 318.50 MB; this exceeds GitHub's file size limit of 100.00 MB        
remote: error: GH001: Large files detected. You may want to try Git Large File Storage - https://git-lfs.github.com.        
To github.com:bioconductor-source/Affyhgu133aExpr.git
 ! [remote rejected] devel -> devel (pre-receive hook declined)
 ! [remote rejected] RELEASE_2_14 -> RELEASE_2_14 (pre-receive hook declined)
 ! [remote rejected] RELEASE_3_0 -> RELEASE_3_0 (pre-receive hook declined)
 ! [remote rejected] RELEASE_3_1 -> RELEASE_3_1 (pre-receive hook declined)
 ! [remote rejected] RELEASE_3_10 -> RELEASE_3_10 (pre-receive hook declined)
 ! [remote rejected] RELEASE_3_11 -> RELEASE_3_11 (pre-receive hook declined)
 ! [remote rejected] RELEASE_3_12 -> RELEASE_3_12 (pre-receive hook declined)
 ! [remote rejected] RELEASE_3_13 -> RELEASE_3_13 (pre-receive hook declined)
 ! [remote rejected] RELEASE_3_14 -> RELEASE_3_14 (pre-receive hook declined)
 ! [remote rejected] RELEASE_3_15 -> RELEASE_3_15 (pre-receive hook declined)
 ! [remote rejected] RELEASE_3_16 -> RELEASE_3_16 (pre-receive hook declined)
 ! [remote rejected] RELEASE_3_17 -> RELEASE_3_17 (pre-receive hook declined)
 ! [remote rejected] RELEASE_3_18 -> RELEASE_3_18 (pre-receive hook declined)
 ! [remote rejected] RELEASE_3_19 -> RELEASE_3_19 (pre-receive hook declined)
 ! [remote rejected] RELEASE_3_2 -> RELEASE_3_2 (pre-receive hook declined)
 ! [remote rejected] RELEASE_3_20 -> RELEASE_3_20 (pre-receive hook declined)
 ! [remote rejected] RELEASE_3_21 -> RELEASE_3_21 (pre-receive hook declined)
 ! [remote rejected] RELEASE_3_22 -> RELEASE_3_22 (pre-receive hook declined)
 ! [remote rejected] RELEASE_3_23 -> RELEASE_3_23 (pre-receive hook declined)
 ! [remote rejected] RELEASE_3_3 -> RELEASE_3_3 (pre-receive hook declined)
 ! [remote rejected] RELEASE_3_4 -> RELEASE_3_4 (pre-receive hook declined)
 ! [remote rejected] RELEASE_3_5 -> RELEASE_3_5 (pre-receive hook declined)
 ! [remote rejected] RELEASE_3_6 -> RELEASE_3_6 (pre-receive hook declined)
 ! [remote rejected] RELEASE_3_7 -> RELEASE_3_7 (pre-receive hook declined)
 ! [remote rejected] RELEASE_3_8 -> RELEASE_3_8 (pre-receive hook declined)
 ! [remote rejected] RELEASE_3_9 -> RELEASE_3_9 (pre-receive hook declined)
error: failed to push some refs to 'github.com:bioconductor-source/Affyhgu133aExpr.git'

[EXIT CODE] 1

###################################################
Package: oneChannelGUI
Time: Mon Jul 13 12:35:33 PM EDT 2026
###################################################
[CLONE]
Cloning into bare repository 'oneChannelGUI.git'...
[PUSH]
remote: warning: File data/crosshybmoex.annotation.rda is 87.62 MB; this is larger than GitHub's recommended maximum file size of 50.00 MB        
remote: warning: File data/crosshybraex.annotation.rda is 75.29 MB; this is larger than GitHub's recommended maximum file size of 50.00 MB        
remote: error: Trace: c4adeea29cec7e627330f5245c9dfc170a0bfc1f6e83a7b9126009ac677e83ea        
remote: error: See https://gh.io/lfs for more information.        
remote: error: File data/crosshybhuex.annotation.rda is 137.06 MB; this exceeds GitHub's file size limit of 100.00 MB        
remote: error: File data/crosshybhuex.annotation.rda is 102.78 MB; this exceeds GitHub's file size limit of 100.00 MB        
remote: error: GH001: Large files detected. You may want to try Git Large File Storage - https://git-lfs.github.com.        
To github.com:bioconductor-source/oneChannelGUI.git
 ! [remote rejected] RELEASE_2_0 -> RELEASE_2_0 (pre-receive hook declined)
 ! [remote rejected] RELEASE_2_1 -> RELEASE_2_1 (pre-receive hook declined)
 ! [remote rejected] RELEASE_2_10 -> RELEASE_2_10 (pre-receive hook declined)
 ! [remote rejected] RELEASE_2_11 -> RELEASE_2_11 (pre-receive hook declined)
 ! [remote rejected] RELEASE_2_12 -> RELEASE_2_12 (pre-receive hook declined)
 ! [remote rejected] RELEASE_2_13 -> RELEASE_2_13 (pre-receive hook declined)
 ! [remote rejected] RELEASE_2_14 -> RELEASE_2_14 (pre-receive hook declined)
 ! [remote rejected] RELEASE_2_2 -> RELEASE_2_2 (pre-receive hook declined)
 ! [remote rejected] RELEASE_2_3 -> RELEASE_2_3 (pre-receive hook declined)
 ! [remote rejected] RELEASE_2_4 -> RELEASE_2_4 (pre-receive hook declined)
 ! [remote rejected] RELEASE_2_5 -> RELEASE_2_5 (pre-receive hook declined)
 ! [remote rejected] RELEASE_2_6 -> RELEASE_2_6 (pre-receive hook declined)
 ! [remote rejected] RELEASE_2_7 -> RELEASE_2_7 (pre-receive hook declined)
 ! [remote rejected] RELEASE_2_8 -> RELEASE_2_8 (pre-receive hook declined)
 ! [remote rejected] RELEASE_2_9 -> RELEASE_2_9 (pre-receive hook declined)
 ! [remote rejected] RELEASE_3_0 -> RELEASE_3_0 (pre-receive hook declined)
 ! [remote rejected] RELEASE_3_1 -> RELEASE_3_1 (pre-receive hook declined)
 ! [remote rejected] RELEASE_3_2 -> RELEASE_3_2 (pre-receive hook declined)
 ! [remote rejected] RELEASE_3_3 -> RELEASE_3_3 (pre-receive hook declined)
 ! [remote rejected] RELEASE_3_4 -> RELEASE_3_4 (pre-receive hook declined)
 ! [remote rejected] RELEASE_3_5 -> RELEASE_3_5 (pre-receive hook declined)
 ! [remote rejected] RELEASE_3_6 -> RELEASE_3_6 (pre-receive hook declined)
 ! [remote rejected] devel -> devel (pre-receive hook declined)
error: failed to push some refs to 'github.com:bioconductor-source/oneChannelGUI.git'

[EXIT CODE] 1

###################################################
Package: TSAR
Time: Mon Jul 13 12:38:55 PM EDT 2026
###################################################
[CLONE]
Cloning into bare repository 'TSAR.git'...
[PUSH]
remote: error: GH013: Repository rule violations found for refs/heads/RELEASE_3_18.        
remote: 
remote: - GITHUB PUSH PROTECTION        
remote:   —————————————————————————————————————————        
remote:     Resolve the following violations before pushing again        
remote: 
remote:     - Push cannot contain secrets        
remote: 
remote:             
remote:      (?) Learn how to resolve a blocked push        
remote:      https://docs.github.com/code-security/secret-scanning/working-with-secret-scanning-and-push-protection/working-with-push-protection-from-the-command-line#resolving-a-blocked-push        
remote:             
remote:      (?) This repository does not have Secret Scanning enabled, but is eligible. Enable Secret Scanning to view and manage detected secrets.        
remote:      Visit the repository settings page, https://github.com/bioconductor-source/TSAR/settings/security_analysis        
remote:             
remote:             
remote:       —— GitHub Personal Access Token ——————————————————————        
remote:        locations:        
remote:          - commit: 76429365abd731f0fea82ca9fb4cd34887cb03b1        
remote:            path: README.md:9        
remote:          - commit: 3feed973113264ca1c97517868e0f7531983a96a        
remote:            path: vignettes/TSAR_Package_Structure.Rmd:18        
remote:          - commit: 2ec4b0e05e7ab136dcc9f58e94ab37a48b9a49ee        
remote:            path: vignettes/TSAR_Workflow_by_Command.Rmd:23        
remote:          - commit: ed11d01b67e7669c607efb9bf48dd3663f1f765b        
remote:            path: vignettes/TSAR_Workflow_by_Shiny.Rmd:18        
remote:          - commit: 7885029467b1af435468b4082c5cd4ae961ee761        
remote:            path: vignettes/TSAR_Workflow_by_Shiny.Rmd:18        
remote:             
remote:        (?) To push, remove secret from commit(s) or follow this URL to allow the secret.        
remote:        https://github.com/bioconductor-source/TSAR/security/secret-scanning/unblock-secret/3GSMvsBQiDYDxOEz85CG28fJ6Hv        
remote:             
remote: 
remote: 
remote: error: GH013: Repository rule violations found for refs/heads/RELEASE_3_19.        
remote: 
remote: - GITHUB PUSH PROTECTION        
remote:   —————————————————————————————————————————        
remote:     Resolve the following violations before pushing again        
remote: 
remote:     - Push cannot contain secrets        
remote: 
remote:             
remote:      (?) Learn how to resolve a blocked push        
remote:      https://docs.github.com/code-security/secret-scanning/working-with-secret-scanning-and-push-protection/working-with-push-protection-from-the-command-line#resolving-a-blocked-push        
remote:             
remote:      (?) This repository does not have Secret Scanning enabled, but is eligible. Enable Secret Scanning to view and manage detected secrets.        
remote:      Visit the repository settings page, https://github.com/bioconductor-source/TSAR/settings/security_analysis        
remote:             
remote:             
remote:       —— GitHub Personal Access Token ——————————————————————        
remote:        locations:        
remote:          - commit: 76429365abd731f0fea82ca9fb4cd34887cb03b1        
remote:            path: README.md:9        
remote:          - commit: 3feed973113264ca1c97517868e0f7531983a96a        
remote:            path: vignettes/TSAR_Package_Structure.Rmd:18        
remote:          - commit: 2ec4b0e05e7ab136dcc9f58e94ab37a48b9a49ee        
remote:            path: vignettes/TSAR_Workflow_by_Command.Rmd:23        
remote:          - commit: ed11d01b67e7669c607efb9bf48dd3663f1f765b        
remote:            path: vignettes/TSAR_Workflow_by_Shiny.Rmd:18        
remote:          - commit: 7885029467b1af435468b4082c5cd4ae961ee761        
remote:            path: vignettes/TSAR_Workflow_by_Shiny.Rmd:18        
remote:             
remote:        (?) To push, remove secret from commit(s) or follow this URL to allow the secret.        
remote:        https://github.com/bioconductor-source/TSAR/security/secret-scanning/unblock-secret/3GSMvsBQiDYDxOEz85CG28fJ6Hv        
remote:             
remote: 
remote: 
remote: error: GH013: Repository rule violations found for refs/heads/RELEASE_3_20.        
remote: 
remote: - GITHUB PUSH PROTECTION        
remote:   —————————————————————————————————————————        
remote:     Resolve the following violations before pushing again        
remote: 
remote:     - Push cannot contain secrets        
remote: 
remote:             
remote:      (?) Learn how to resolve a blocked push        
remote:      https://docs.github.com/code-security/secret-scanning/working-with-secret-scanning-and-push-protection/working-with-push-protection-from-the-command-line#resolving-a-blocked-push        
remote:             
remote:      (?) This repository does not have Secret Scanning enabled, but is eligible. Enable Secret Scanning to view and manage detected secrets.        
remote:      Visit the repository settings page, https://github.com/bioconductor-source/TSAR/settings/security_analysis        
remote:             
remote:             
remote:       —— GitHub Personal Access Token ——————————————————————        
remote:        locations:        
remote:          - commit: 76429365abd731f0fea82ca9fb4cd34887cb03b1        
remote:            path: README.md:9        
remote:          - commit: 3feed973113264ca1c97517868e0f7531983a96a        
remote:            path: vignettes/TSAR_Package_Structure.Rmd:18        
remote:          - commit: 2ec4b0e05e7ab136dcc9f58e94ab37a48b9a49ee        
remote:            path: vignettes/TSAR_Workflow_by_Command.Rmd:23        
remote:          - commit: ed11d01b67e7669c607efb9bf48dd3663f1f765b        
remote:            path: vignettes/TSAR_Workflow_by_Shiny.Rmd:18        
remote:          - commit: 7885029467b1af435468b4082c5cd4ae961ee761        
remote:            path: vignettes/TSAR_Workflow_by_Shiny.Rmd:18        
remote:             
remote:        (?) To push, remove secret from commit(s) or follow this URL to allow the secret.        
remote:        https://github.com/bioconductor-source/TSAR/security/secret-scanning/unblock-secret/3GSMvsBQiDYDxOEz85CG28fJ6Hv        
remote:             
remote: 
remote: 
remote: error: GH013: Repository rule violations found for refs/heads/RELEASE_3_21.        
remote: 
remote: - GITHUB PUSH PROTECTION        
remote:   —————————————————————————————————————————        
remote:     Resolve the following violations before pushing again        
remote: 
remote:     - Push cannot contain secrets        
remote: 
remote:             
remote:      (?) Learn how to resolve a blocked push        
remote:      https://docs.github.com/code-security/secret-scanning/working-with-secret-scanning-and-push-protection/working-with-push-protection-from-the-command-line#resolving-a-blocked-push        
remote:             
remote:      (?) This repository does not have Secret Scanning enabled, but is eligible. Enable Secret Scanning to view and manage detected secrets.        
remote:      Visit the repository settings page, https://github.com/bioconductor-source/TSAR/settings/security_analysis        
remote:             
remote:             
remote:       —— GitHub Personal Access Token ——————————————————————        
remote:        locations:        
remote:          - commit: 76429365abd731f0fea82ca9fb4cd34887cb03b1        
remote:            path: README.md:9        
remote:          - commit: 3feed973113264ca1c97517868e0f7531983a96a        
remote:            path: vignettes/TSAR_Package_Structure.Rmd:18        
remote:          - commit: 2ec4b0e05e7ab136dcc9f58e94ab37a48b9a49ee        
remote:            path: vignettes/TSAR_Workflow_by_Command.Rmd:23        
remote:          - commit: ed11d01b67e7669c607efb9bf48dd3663f1f765b        
remote:            path: vignettes/TSAR_Workflow_by_Shiny.Rmd:18        
remote:          - commit: 7885029467b1af435468b4082c5cd4ae961ee761        
remote:            path: vignettes/TSAR_Workflow_by_Shiny.Rmd:18        
remote:             
remote:        (?) To push, remove secret from commit(s) or follow this URL to allow the secret.        
remote:        https://github.com/bioconductor-source/TSAR/security/secret-scanning/unblock-secret/3GSMvsBQiDYDxOEz85CG28fJ6Hv        
remote:             
remote: 
remote: 
remote: error: GH013: Repository rule violations found for refs/heads/RELEASE_3_22.        
remote: 
remote: - GITHUB PUSH PROTECTION        
remote:   —————————————————————————————————————————        
remote:     Resolve the following violations before pushing again        
remote: 
remote:     - Push cannot contain secrets        
remote: 
remote:             
remote:      (?) Learn how to resolve a blocked push        
remote:      https://docs.github.com/code-security/secret-scanning/working-with-secret-scanning-and-push-protection/working-with-push-protection-from-the-command-line#resolving-a-blocked-push        
remote:             
remote:      (?) This repository does not have Secret Scanning enabled, but is eligible. Enable Secret Scanning to view and manage detected secrets.        
remote:      Visit the repository settings page, https://github.com/bioconductor-source/TSAR/settings/security_analysis        
remote:             
remote:             
remote:       —— GitHub Personal Access Token ——————————————————————        
remote:        locations:        
remote:          - commit: 76429365abd731f0fea82ca9fb4cd34887cb03b1        
remote:            path: README.md:9        
remote:          - commit: 3feed973113264ca1c97517868e0f7531983a96a        
remote:            path: vignettes/TSAR_Package_Structure.Rmd:18        
remote:          - commit: 2ec4b0e05e7ab136dcc9f58e94ab37a48b9a49ee        
remote:            path: vignettes/TSAR_Workflow_by_Command.Rmd:23        
remote:          - commit: ed11d01b67e7669c607efb9bf48dd3663f1f765b        
remote:            path: vignettes/TSAR_Workflow_by_Shiny.Rmd:18        
remote:          - commit: 7885029467b1af435468b4082c5cd4ae961ee761        
remote:            path: vignettes/TSAR_Workflow_by_Shiny.Rmd:18        
remote:             
remote:        (?) To push, remove secret from commit(s) or follow this URL to allow the secret.        
remote:        https://github.com/bioconductor-source/TSAR/security/secret-scanning/unblock-secret/3GSMvsBQiDYDxOEz85CG28fJ6Hv        
remote:             
remote: 
remote: 
remote: error: GH013: Repository rule violations found for refs/heads/RELEASE_3_23.        
remote: 
remote: - GITHUB PUSH PROTECTION        
remote:   —————————————————————————————————————————        
remote:     Resolve the following violations before pushing again        
remote: 
remote:     - Push cannot contain secrets        
remote: 
remote:             
remote:      (?) Learn how to resolve a blocked push        
remote:      https://docs.github.com/code-security/secret-scanning/working-with-secret-scanning-and-push-protection/working-with-push-protection-from-the-command-line#resolving-a-blocked-push        
remote:             
remote:      (?) This repository does not have Secret Scanning enabled, but is eligible. Enable Secret Scanning to view and manage detected secrets.        
remote:      Visit the repository settings page, https://github.com/bioconductor-source/TSAR/settings/security_analysis        
remote:             
remote:             
remote:       —— GitHub Personal Access Token ——————————————————————        
remote:        locations:        
remote:          - commit: 76429365abd731f0fea82ca9fb4cd34887cb03b1        
remote:            path: README.md:9        
remote:          - commit: 3feed973113264ca1c97517868e0f7531983a96a        
remote:            path: vignettes/TSAR_Package_Structure.Rmd:18        
remote:          - commit: 2ec4b0e05e7ab136dcc9f58e94ab37a48b9a49ee        
remote:            path: vignettes/TSAR_Workflow_by_Command.Rmd:23        
remote:          - commit: ed11d01b67e7669c607efb9bf48dd3663f1f765b        
remote:            path: vignettes/TSAR_Workflow_by_Shiny.Rmd:18        
remote:          - commit: 7885029467b1af435468b4082c5cd4ae961ee761        
remote:            path: vignettes/TSAR_Workflow_by_Shiny.Rmd:18        
remote:             
remote:        (?) To push, remove secret from commit(s) or follow this URL to allow the secret.        
remote:        https://github.com/bioconductor-source/TSAR/security/secret-scanning/unblock-secret/3GSMvsBQiDYDxOEz85CG28fJ6Hv        
remote:             
remote: 
remote: 
remote: error: GH013: Repository rule violations found for refs/heads/devel.        
remote: 
remote: - GITHUB PUSH PROTECTION        
remote:   —————————————————————————————————————————        
remote:     Resolve the following violations before pushing again        
remote: 
remote:     - Push cannot contain secrets        
remote: 
remote:             
remote:      (?) Learn how to resolve a blocked push        
remote:      https://docs.github.com/code-security/secret-scanning/working-with-secret-scanning-and-push-protection/working-with-push-protection-from-the-command-line#resolving-a-blocked-push        
remote:             
remote:      (?) This repository does not have Secret Scanning enabled, but is eligible. Enable Secret Scanning to view and manage detected secrets.        
remote:      Visit the repository settings page, https://github.com/bioconductor-source/TSAR/settings/security_analysis        
remote:             
remote:             
remote:       —— GitHub Personal Access Token ——————————————————————        
remote:        locations:        
remote:          - commit: 76429365abd731f0fea82ca9fb4cd34887cb03b1        
remote:            path: README.md:9        
remote:          - commit: 3feed973113264ca1c97517868e0f7531983a96a        
remote:            path: vignettes/TSAR_Package_Structure.Rmd:18        
remote:          - commit: 2ec4b0e05e7ab136dcc9f58e94ab37a48b9a49ee        
remote:            path: vignettes/TSAR_Workflow_by_Command.Rmd:23        
remote:          - commit: ed11d01b67e7669c607efb9bf48dd3663f1f765b        
remote:            path: vignettes/TSAR_Workflow_by_Shiny.Rmd:18        
remote:          - commit: 7885029467b1af435468b4082c5cd4ae961ee761        
remote:            path: vignettes/TSAR_Workflow_by_Shiny.Rmd:18        
remote:             
remote:        (?) To push, remove secret from commit(s) or follow this URL to allow the secret.        
remote:        https://github.com/bioconductor-source/TSAR/security/secret-scanning/unblock-secret/3GSMvsBQiDYDxOEz85CG28fJ6Hv        
remote:             
remote: 
remote: 
To github.com:bioconductor-source/TSAR.git
 ! [remote rejected] RELEASE_3_18 -> RELEASE_3_18 (push declined due to repository rule violations)
 ! [remote rejected] RELEASE_3_19 -> RELEASE_3_19 (push declined due to repository rule violations)
 ! [remote rejected] RELEASE_3_20 -> RELEASE_3_20 (push declined due to repository rule violations)
 ! [remote rejected] RELEASE_3_21 -> RELEASE_3_21 (push declined due to repository rule violations)
 ! [remote rejected] RELEASE_3_22 -> RELEASE_3_22 (push declined due to repository rule violations)
 ! [remote rejected] RELEASE_3_23 -> RELEASE_3_23 (push declined due to repository rule violations)
 ! [remote rejected] devel -> devel (push declined due to repository rule violations)
error: failed to push some refs to 'github.com:bioconductor-source/TSAR.git'

[EXIT CODE] 1

###################################################
Package: ChIPanalyser
Time: Mon Jul 13 12:39:10 PM EDT 2026
###################################################
[CLONE]
Cloning into bare repository 'ChIPanalyser.git'...
[PUSH]
remote: error: GH013: Repository rule violations found for refs/heads/RELEASE_3_16.        
remote: 
remote: - GITHUB PUSH PROTECTION        
remote:   —————————————————————————————————————————        
remote:     Resolve the following violations before pushing again        
remote: 
remote:     - Push cannot contain secrets        
remote: 
remote:             
remote:      (?) Learn how to resolve a blocked push        
remote:      https://docs.github.com/code-security/secret-scanning/working-with-secret-scanning-and-push-protection/working-with-push-protection-from-the-command-line#resolving-a-blocked-push        
remote:             
remote:      (?) This repository does not have Secret Scanning enabled, but is eligible. Enable Secret Scanning to view and manage detected secrets.        
remote:      Visit the repository settings page, https://github.com/bioconductor-source/ChIPanalyser/settings/security_analysis        
remote:             
remote:             
remote:       —— GitHub Personal Access Token ——————————————————————        
remote:        locations:        
remote:          - commit: 14d8beb16f7fc506e7ec6cee499d5f3f872f2dd1        
remote:            path: vignettes/GA_ChIPanalyser.Rmd:184        
remote:             
remote:        (?) To push, remove secret from commit(s) or follow this URL to allow the secret.        
remote:        https://github.com/bioconductor-source/ChIPanalyser/security/secret-scanning/unblock-secret/3GSMwvZ8WuPO1heKo158ZMl5HXU        
remote:             
remote: 
remote: 
remote: error: GH013: Repository rule violations found for refs/heads/RELEASE_3_17.        
remote: 
remote: - GITHUB PUSH PROTECTION        
remote:   —————————————————————————————————————————        
remote:     Resolve the following violations before pushing again        
remote: 
remote:     - Push cannot contain secrets        
remote: 
remote:             
remote:      (?) Learn how to resolve a blocked push        
remote:      https://docs.github.com/code-security/secret-scanning/working-with-secret-scanning-and-push-protection/working-with-push-protection-from-the-command-line#resolving-a-blocked-push        
remote:             
remote:      (?) This repository does not have Secret Scanning enabled, but is eligible. Enable Secret Scanning to view and manage detected secrets.        
remote:      Visit the repository settings page, https://github.com/bioconductor-source/ChIPanalyser/settings/security_analysis        
remote:             
remote:             
remote:       —— GitHub Personal Access Token ——————————————————————        
remote:        locations:        
remote:          - commit: 14d8beb16f7fc506e7ec6cee499d5f3f872f2dd1        
remote:            path: vignettes/GA_ChIPanalyser.Rmd:184        
remote:             
remote:        (?) To push, remove secret from commit(s) or follow this URL to allow the secret.        
remote:        https://github.com/bioconductor-source/ChIPanalyser/security/secret-scanning/unblock-secret/3GSMwvZ8WuPO1heKo158ZMl5HXU        
remote:             
remote: 
remote: 
remote: error: GH013: Repository rule violations found for refs/heads/RELEASE_3_18.        
remote: 
remote: - GITHUB PUSH PROTECTION        
remote:   —————————————————————————————————————————        
remote:     Resolve the following violations before pushing again        
remote: 
remote:     - Push cannot contain secrets        
remote: 
remote:             
remote:      (?) Learn how to resolve a blocked push        
remote:      https://docs.github.com/code-security/secret-scanning/working-with-secret-scanning-and-push-protection/working-with-push-protection-from-the-command-line#resolving-a-blocked-push        
remote:             
remote:      (?) This repository does not have Secret Scanning enabled, but is eligible. Enable Secret Scanning to view and manage detected secrets.        
remote:      Visit the repository settings page, https://github.com/bioconductor-source/ChIPanalyser/settings/security_analysis        
remote:             
remote:             
remote:       —— GitHub Personal Access Token ——————————————————————        
remote:        locations:        
remote:          - commit: 14d8beb16f7fc506e7ec6cee499d5f3f872f2dd1        
remote:            path: vignettes/GA_ChIPanalyser.Rmd:184        
remote:             
remote:        (?) To push, remove secret from commit(s) or follow this URL to allow the secret.        
remote:        https://github.com/bioconductor-source/ChIPanalyser/security/secret-scanning/unblock-secret/3GSMwvZ8WuPO1heKo158ZMl5HXU        
remote:             
remote: 
remote: 
remote: error: GH013: Repository rule violations found for refs/heads/RELEASE_3_19.        
remote: 
remote: - GITHUB PUSH PROTECTION        
remote:   —————————————————————————————————————————        
remote:     Resolve the following violations before pushing again        
remote: 
remote:     - Push cannot contain secrets        
remote: 
remote:             
remote:      (?) Learn how to resolve a blocked push        
remote:      https://docs.github.com/code-security/secret-scanning/working-with-secret-scanning-and-push-protection/working-with-push-protection-from-the-command-line#resolving-a-blocked-push        
remote:             
remote:      (?) This repository does not have Secret Scanning enabled, but is eligible. Enable Secret Scanning to view and manage detected secrets.        
remote:      Visit the repository settings page, https://github.com/bioconductor-source/ChIPanalyser/settings/security_analysis        
remote:             
remote:             
remote:       —— GitHub Personal Access Token ——————————————————————        
remote:        locations:        
remote:          - commit: 14d8beb16f7fc506e7ec6cee499d5f3f872f2dd1        
remote:            path: vignettes/GA_ChIPanalyser.Rmd:184        
remote:             
remote:        (?) To push, remove secret from commit(s) or follow this URL to allow the secret.        
remote:        https://github.com/bioconductor-source/ChIPanalyser/security/secret-scanning/unblock-secret/3GSMwvZ8WuPO1heKo158ZMl5HXU        
remote:             
remote: 
remote: 
remote: error: GH013: Repository rule violations found for refs/heads/devel.        
remote: 
remote: - GITHUB PUSH PROTECTION        
remote:   —————————————————————————————————————————        
remote:     Resolve the following violations before pushing again        
remote: 
remote:     - Push cannot contain secrets        
remote: 
remote:             
remote:      (?) Learn how to resolve a blocked push        
remote:      https://docs.github.com/code-security/secret-scanning/working-with-secret-scanning-and-push-protection/working-with-push-protection-from-the-command-line#resolving-a-blocked-push        
remote:             
remote:      (?) This repository does not have Secret Scanning enabled, but is eligible. Enable Secret Scanning to view and manage detected secrets.        
remote:      Visit the repository settings page, https://github.com/bioconductor-source/ChIPanalyser/settings/security_analysis        
remote:             
remote:             
remote:       —— GitHub Personal Access Token ——————————————————————        
remote:        locations:        
remote:          - commit: 14d8beb16f7fc506e7ec6cee499d5f3f872f2dd1        
remote:            path: vignettes/GA_ChIPanalyser.Rmd:184        
remote:             
remote:        (?) To push, remove secret from commit(s) or follow this URL to allow the secret.        
remote:        https://github.com/bioconductor-source/ChIPanalyser/security/secret-scanning/unblock-secret/3GSMwvZ8WuPO1heKo158ZMl5HXU        
remote:             
remote: 
remote: 
remote: error: GH013: Repository rule violations found for refs/heads/master.        
remote: 
remote: - GITHUB PUSH PROTECTION        
remote:   —————————————————————————————————————————        
remote:     Resolve the following violations before pushing again        
remote: 
remote:     - Push cannot contain secrets        
remote: 
remote:             
remote:      (?) Learn how to resolve a blocked push        
remote:      https://docs.github.com/code-security/secret-scanning/working-with-secret-scanning-and-push-protection/working-with-push-protection-from-the-command-line#resolving-a-blocked-push        
remote:             
remote:      (?) This repository does not have Secret Scanning enabled, but is eligible. Enable Secret Scanning to view and manage detected secrets.        
remote:      Visit the repository settings page, https://github.com/bioconductor-source/ChIPanalyser/settings/security_analysis        
remote:             
remote:             
remote:       —— GitHub Personal Access Token ——————————————————————        
remote:        locations:        
remote:          - commit: 14d8beb16f7fc506e7ec6cee499d5f3f872f2dd1        
remote:            path: vignettes/GA_ChIPanalyser.Rmd:184        
remote:             
remote:        (?) To push, remove secret from commit(s) or follow this URL to allow the secret.        
remote:        https://github.com/bioconductor-source/ChIPanalyser/security/secret-scanning/unblock-secret/3GSMwvZ8WuPO1heKo158ZMl5HXU        
remote:             
remote: 
remote: 
remote: error: GH013: Repository rule violations found for refs/heads/RELEASE_3_20.        
remote: 
remote: - GITHUB PUSH PROTECTION        
remote:   —————————————————————————————————————————        
remote:     Resolve the following violations before pushing again        
remote: 
remote:     - Push cannot contain secrets        
remote: 
remote:             
remote:      (?) Learn how to resolve a blocked push        
remote:      https://docs.github.com/code-security/secret-scanning/working-with-secret-scanning-and-push-protection/working-with-push-protection-from-the-command-line#resolving-a-blocked-push        
remote:             
remote:      (?) This repository does not have Secret Scanning enabled, but is eligible. Enable Secret Scanning to view and manage detected secrets.        
remote:      Visit the repository settings page, https://github.com/bioconductor-source/ChIPanalyser/settings/security_analysis        
remote:             
remote:             
remote:       —— GitHub Personal Access Token ——————————————————————        
remote:        locations:        
remote:          - commit: 14d8beb16f7fc506e7ec6cee499d5f3f872f2dd1        
remote:            path: vignettes/GA_ChIPanalyser.Rmd:184        
remote:             
remote:        (?) To push, remove secret from commit(s) or follow this URL to allow the secret.        
remote:        https://github.com/bioconductor-source/ChIPanalyser/security/secret-scanning/unblock-secret/3GSMwvZ8WuPO1heKo158ZMl5HXU        
remote:             
remote: 
remote: 
remote: error: GH013: Repository rule violations found for refs/heads/RELEASE_3_21.        
remote: 
remote: - GITHUB PUSH PROTECTION        
remote:   —————————————————————————————————————————        
remote:     Resolve the following violations before pushing again        
remote: 
remote:     - Push cannot contain secrets        
remote: 
remote:             
remote:      (?) Learn how to resolve a blocked push        
remote:      https://docs.github.com/code-security/secret-scanning/working-with-secret-scanning-and-push-protection/working-with-push-protection-from-the-command-line#resolving-a-blocked-push        
remote:             
remote:      (?) This repository does not have Secret Scanning enabled, but is eligible. Enable Secret Scanning to view and manage detected secrets.        
remote:      Visit the repository settings page, https://github.com/bioconductor-source/ChIPanalyser/settings/security_analysis        
remote:             
remote:             
remote:       —— GitHub Personal Access Token ——————————————————————        
remote:        locations:        
remote:          - commit: 14d8beb16f7fc506e7ec6cee499d5f3f872f2dd1        
remote:            path: vignettes/GA_ChIPanalyser.Rmd:184        
remote:             
remote:        (?) To push, remove secret from commit(s) or follow this URL to allow the secret.        
remote:        https://github.com/bioconductor-source/ChIPanalyser/security/secret-scanning/unblock-secret/3GSMwvZ8WuPO1heKo158ZMl5HXU        
remote:             
remote: 
remote: 
remote: error: GH013: Repository rule violations found for refs/heads/RELEASE_3_22.        
remote: 
remote: - GITHUB PUSH PROTECTION        
remote:   —————————————————————————————————————————        
remote:     Resolve the following violations before pushing again        
remote: 
remote:     - Push cannot contain secrets        
remote: 
remote:             
remote:      (?) Learn how to resolve a blocked push        
remote:      https://docs.github.com/code-security/secret-scanning/working-with-secret-scanning-and-push-protection/working-with-push-protection-from-the-command-line#resolving-a-blocked-push        
remote:             
remote:      (?) This repository does not have Secret Scanning enabled, but is eligible. Enable Secret Scanning to view and manage detected secrets.        
remote:      Visit the repository settings page, https://github.com/bioconductor-source/ChIPanalyser/settings/security_analysis        
remote:             
remote:             
remote:       —— GitHub Personal Access Token ——————————————————————        
remote:        locations:        
remote:          - commit: 14d8beb16f7fc506e7ec6cee499d5f3f872f2dd1        
remote:            path: vignettes/GA_ChIPanalyser.Rmd:184        
remote:             
remote:        (?) To push, remove secret from commit(s) or follow this URL to allow the secret.        
remote:        https://github.com/bioconductor-source/ChIPanalyser/security/secret-scanning/unblock-secret/3GSMwvZ8WuPO1heKo158ZMl5HXU        
remote:             
remote: 
remote: 
remote: error: GH013: Repository rule violations found for refs/heads/RELEASE_3_23.        
remote: 
remote: - GITHUB PUSH PROTECTION        
remote:   —————————————————————————————————————————        
remote:     Resolve the following violations before pushing again        
remote: 
remote:     - Push cannot contain secrets        
remote: 
remote:             
remote:      (?) Learn how to resolve a blocked push        
remote:      https://docs.github.com/code-security/secret-scanning/working-with-secret-scanning-and-push-protection/working-with-push-protection-from-the-command-line#resolving-a-blocked-push        
remote:             
remote:      (?) This repository does not have Secret Scanning enabled, but is eligible. Enable Secret Scanning to view and manage detected secrets.        
remote:      Visit the repository settings page, https://github.com/bioconductor-source/ChIPanalyser/settings/security_analysis        
remote:             
remote:             
remote:       —— GitHub Personal Access Token ——————————————————————        
remote:        locations:        
remote:          - commit: 14d8beb16f7fc506e7ec6cee499d5f3f872f2dd1        
remote:            path: vignettes/GA_ChIPanalyser.Rmd:184        
remote:             
remote:        (?) To push, remove secret from commit(s) or follow this URL to allow the secret.        
remote:        https://github.com/bioconductor-source/ChIPanalyser/security/secret-scanning/unblock-secret/3GSMwvZ8WuPO1heKo158ZMl5HXU        
remote:             
remote: 
remote: 
To github.com:bioconductor-source/ChIPanalyser.git
 ! [remote rejected] RELEASE_3_16 -> RELEASE_3_16 (push declined due to repository rule violations)
 ! [remote rejected] RELEASE_3_17 -> RELEASE_3_17 (push declined due to repository rule violations)
 ! [remote rejected] RELEASE_3_18 -> RELEASE_3_18 (push declined due to repository rule violations)
 ! [remote rejected] RELEASE_3_19 -> RELEASE_3_19 (push declined due to repository rule violations)
 ! [remote rejected] devel -> devel (push declined due to repository rule violations)
 ! [remote rejected] master (push declined due to repository rule violations)
 ! [remote rejected] RELEASE_3_20 -> RELEASE_3_20 (push declined due to repository rule violations)
 ! [remote rejected] RELEASE_3_21 -> RELEASE_3_21 (push declined due to repository rule violations)
 ! [remote rejected] RELEASE_3_22 -> RELEASE_3_22 (push declined due to repository rule violations)
 ! [remote rejected] RELEASE_3_23 -> RELEASE_3_23 (push declined due to repository rule violations)
error: failed to push some refs to 'github.com:bioconductor-source/ChIPanalyser.git'

[EXIT CODE] 1

###################################################
Package: RMassBank
Time: Mon Jul 13 12:39:18 PM EDT 2026
###################################################
[CLONE]
Cloning into bare repository 'RMassBank.git'...
[PUSH]
remote: error: GH013: Repository rule violations found for refs/heads/RELEASE_2_11.        
remote: 
remote: - GITHUB PUSH PROTECTION        
remote:   —————————————————————————————————————————        
remote:     Resolve the following violations before pushing again        
remote: 
remote:     - Push cannot contain secrets        
remote: 
remote:             
remote:      (?) Learn how to resolve a blocked push        
remote:      https://docs.github.com/code-security/secret-scanning/working-with-secret-scanning-and-push-protection/working-with-push-protection-from-the-command-line#resolving-a-blocked-push        
remote:             
remote:      (?) This repository does not have Secret Scanning enabled, but is eligible. Enable Secret Scanning to view and manage detected secrets.        
remote:      Visit the repository settings page, https://github.com/bioconductor-source/RMassBank/settings/security_analysis        
remote:             
remote:             
remote:       —— GitHub Personal Access Token ——————————————————————        
remote:        locations:        
remote:          - commit: 3f9634583bd01b6ae8ea5feb77e311eedea7fc51        
remote:            path: .github/workflows/check-bioc.yml:189        
remote:             
remote:        (?) To push, remove secret from commit(s) or follow this URL to allow the secret.        
remote:        https://github.com/bioconductor-source/RMassBank/security/secret-scanning/unblock-secret/3GSMxk7G3FrHDtzG1CcXH0YKyeT        
remote:             
remote: 
remote: 
remote: error: GH013: Repository rule violations found for refs/heads/RELEASE_2_12.        
remote: 
remote: - GITHUB PUSH PROTECTION        
remote:   —————————————————————————————————————————        
remote:     Resolve the following violations before pushing again        
remote: 
remote:     - Push cannot contain secrets        
remote: 
remote:             
remote:      (?) Learn how to resolve a blocked push        
remote:      https://docs.github.com/code-security/secret-scanning/working-with-secret-scanning-and-push-protection/working-with-push-protection-from-the-command-line#resolving-a-blocked-push        
remote:             
remote:      (?) This repository does not have Secret Scanning enabled, but is eligible. Enable Secret Scanning to view and manage detected secrets.        
remote:      Visit the repository settings page, https://github.com/bioconductor-source/RMassBank/settings/security_analysis        
remote:             
remote:             
remote:       —— GitHub Personal Access Token ——————————————————————        
remote:        locations:        
remote:          - commit: 3f9634583bd01b6ae8ea5feb77e311eedea7fc51        
remote:            path: .github/workflows/check-bioc.yml:189        
remote:             
remote:        (?) To push, remove secret from commit(s) or follow this URL to allow the secret.        
remote:        https://github.com/bioconductor-source/RMassBank/security/secret-scanning/unblock-secret/3GSMxk7G3FrHDtzG1CcXH0YKyeT        
remote:             
remote: 
remote: 
remote: error: GH013: Repository rule violations found for refs/heads/RELEASE_2_13.        
remote: 
remote: - GITHUB PUSH PROTECTION        
remote:   —————————————————————————————————————————        
remote:     Resolve the following violations before pushing again        
remote: 
remote:     - Push cannot contain secrets        
remote: 
remote:             
remote:      (?) Learn how to resolve a blocked push        
remote:      https://docs.github.com/code-security/secret-scanning/working-with-secret-scanning-and-push-protection/working-with-push-protection-from-the-command-line#resolving-a-blocked-push        
remote:             
remote:      (?) This repository does not have Secret Scanning enabled, but is eligible. Enable Secret Scanning to view and manage detected secrets.        
remote:      Visit the repository settings page, https://github.com/bioconductor-source/RMassBank/settings/security_analysis        
remote:             
remote:             
remote:       —— GitHub Personal Access Token ——————————————————————        
remote:        locations:        
remote:          - commit: 3f9634583bd01b6ae8ea5feb77e311eedea7fc51        
remote:            path: .github/workflows/check-bioc.yml:189        
remote:             
remote:        (?) To push, remove secret from commit(s) or follow this URL to allow the secret.        
remote:        https://github.com/bioconductor-source/RMassBank/security/secret-scanning/unblock-secret/3GSMxk7G3FrHDtzG1CcXH0YKyeT        
remote:             
remote: 
remote: 
remote: error: GH013: Repository rule violations found for refs/heads/RELEASE_2_14.        
remote: 
remote: - GITHUB PUSH PROTECTION        
remote:   —————————————————————————————————————————        
remote:     Resolve the following violations before pushing again        
remote: 
remote:     - Push cannot contain secrets        
remote: 
remote:             
remote:      (?) Learn how to resolve a blocked push        
remote:      https://docs.github.com/code-security/secret-scanning/working-with-secret-scanning-and-push-protection/working-with-push-protection-from-the-command-line#resolving-a-blocked-push        
remote:             
remote:      (?) This repository does not have Secret Scanning enabled, but is eligible. Enable Secret Scanning to view and manage detected secrets.        
remote:      Visit the repository settings page, https://github.com/bioconductor-source/RMassBank/settings/security_analysis        
remote:             
remote:             
remote:       —— GitHub Personal Access Token ——————————————————————        
remote:        locations:        
remote:          - commit: 3f9634583bd01b6ae8ea5feb77e311eedea7fc51        
remote:            path: .github/workflows/check-bioc.yml:189        
remote:             
remote:        (?) To push, remove secret from commit(s) or follow this URL to allow the secret.        
remote:        https://github.com/bioconductor-source/RMassBank/security/secret-scanning/unblock-secret/3GSMxk7G3FrHDtzG1CcXH0YKyeT        
remote:             
remote: 
remote: 
remote: error: GH013: Repository rule violations found for refs/heads/RELEASE_3_0.        
remote: 
remote: - GITHUB PUSH PROTECTION        
remote:   —————————————————————————————————————————        
remote:     Resolve the following violations before pushing again        
remote: 
remote:     - Push cannot contain secrets        
remote: 
remote:             
remote:      (?) Learn how to resolve a blocked push        
remote:      https://docs.github.com/code-security/secret-scanning/working-with-secret-scanning-and-push-protection/working-with-push-protection-from-the-command-line#resolving-a-blocked-push        
remote:             
remote:      (?) This repository does not have Secret Scanning enabled, but is eligible. Enable Secret Scanning to view and manage detected secrets.        
remote:      Visit the repository settings page, https://github.com/bioconductor-source/RMassBank/settings/security_analysis        
remote:             
remote:             
remote:       —— GitHub Personal Access Token ——————————————————————        
remote:        locations:        
remote:          - commit: 3f9634583bd01b6ae8ea5feb77e311eedea7fc51        
remote:            path: .github/workflows/check-bioc.yml:189        
remote:             
remote:        (?) To push, remove secret from commit(s) or follow this URL to allow the secret.        
remote:        https://github.com/bioconductor-source/RMassBank/security/secret-scanning/unblock-secret/3GSMxk7G3FrHDtzG1CcXH0YKyeT        
remote:             
remote: 
remote: 
remote: error: GH013: Repository rule violations found for refs/heads/RELEASE_3_1.        
remote: 
remote: - GITHUB PUSH PROTECTION        
remote:   —————————————————————————————————————————        
remote:     Resolve the following violations before pushing again        
remote: 
remote:     - Push cannot contain secrets        
remote: 
remote:             
remote:      (?) Learn how to resolve a blocked push        
remote:      https://docs.github.com/code-security/secret-scanning/working-with-secret-scanning-and-push-protection/working-with-push-protection-from-the-command-line#resolving-a-blocked-push        
remote:             
remote:      (?) This repository does not have Secret Scanning enabled, but is eligible. Enable Secret Scanning to view and manage detected secrets.        
remote:      Visit the repository settings page, https://github.com/bioconductor-source/RMassBank/settings/security_analysis        
remote:             
remote:             
remote:       —— GitHub Personal Access Token ——————————————————————        
remote:        locations:        
remote:          - commit: 3f9634583bd01b6ae8ea5feb77e311eedea7fc51        
remote:            path: .github/workflows/check-bioc.yml:189        
remote:             
remote:        (?) To push, remove secret from commit(s) or follow this URL to allow the secret.        
remote:        https://github.com/bioconductor-source/RMassBank/security/secret-scanning/unblock-secret/3GSMxk7G3FrHDtzG1CcXH0YKyeT        
remote:             
remote: 
remote: 
remote: error: GH013: Repository rule violations found for refs/heads/RELEASE_3_10.        
remote: 
remote: - GITHUB PUSH PROTECTION        
remote:   —————————————————————————————————————————        
remote:     Resolve the following violations before pushing again        
remote: 
remote:     - Push cannot contain secrets        
remote: 
remote:             
remote:      (?) Learn how to resolve a blocked push        
remote:      https://docs.github.com/code-security/secret-scanning/working-with-secret-scanning-and-push-protection/working-with-push-protection-from-the-command-line#resolving-a-blocked-push        
remote:             
remote:      (?) This repository does not have Secret Scanning enabled, but is eligible. Enable Secret Scanning to view and manage detected secrets.        
remote:      Visit the repository settings page, https://github.com/bioconductor-source/RMassBank/settings/security_analysis        
remote:             
remote:             
remote:       —— GitHub Personal Access Token ——————————————————————        
remote:        locations:        
remote:          - commit: 3f9634583bd01b6ae8ea5feb77e311eedea7fc51        
remote:            path: .github/workflows/check-bioc.yml:189        
remote:             
remote:        (?) To push, remove secret from commit(s) or follow this URL to allow the secret.        
remote:        https://github.com/bioconductor-source/RMassBank/security/secret-scanning/unblock-secret/3GSMxk7G3FrHDtzG1CcXH0YKyeT        
remote:             
remote: 
remote: 
remote: error: GH013: Repository rule violations found for refs/heads/RELEASE_3_11.        
remote: 
remote: - GITHUB PUSH PROTECTION        
remote:   —————————————————————————————————————————        
remote:     Resolve the following violations before pushing again        
remote: 
remote:     - Push cannot contain secrets        
remote: 
remote:             
remote:      (?) Learn how to resolve a blocked push        
remote:      https://docs.github.com/code-security/secret-scanning/working-with-secret-scanning-and-push-protection/working-with-push-protection-from-the-command-line#resolving-a-blocked-push        
remote:             
remote:      (?) This repository does not have Secret Scanning enabled, but is eligible. Enable Secret Scanning to view and manage detected secrets.        
remote:      Visit the repository settings page, https://github.com/bioconductor-source/RMassBank/settings/security_analysis        
remote:             
remote:             
remote:       —— GitHub Personal Access Token ——————————————————————        
remote:        locations:        
remote:          - commit: 3f9634583bd01b6ae8ea5feb77e311eedea7fc51        
remote:            path: .github/workflows/check-bioc.yml:189        
remote:             
remote:        (?) To push, remove secret from commit(s) or follow this URL to allow the secret.        
remote:        https://github.com/bioconductor-source/RMassBank/security/secret-scanning/unblock-secret/3GSMxk7G3FrHDtzG1CcXH0YKyeT        
remote:             
remote: 
remote: 
remote: error: GH013: Repository rule violations found for refs/heads/RELEASE_3_12.        
remote: 
remote: - GITHUB PUSH PROTECTION        
remote:   —————————————————————————————————————————        
remote:     Resolve the following violations before pushing again        
remote: 
remote:     - Push cannot contain secrets        
remote: 
remote:             
remote:      (?) Learn how to resolve a blocked push        
remote:      https://docs.github.com/code-security/secret-scanning/working-with-secret-scanning-and-push-protection/working-with-push-protection-from-the-command-line#resolving-a-blocked-push        
remote:             
remote:      (?) This repository does not have Secret Scanning enabled, but is eligible. Enable Secret Scanning to view and manage detected secrets.        
remote:      Visit the repository settings page, https://github.com/bioconductor-source/RMassBank/settings/security_analysis        
remote:             
remote:             
remote:       —— GitHub Personal Access Token ——————————————————————        
remote:        locations:        
remote:          - commit: 3f9634583bd01b6ae8ea5feb77e311eedea7fc51        
remote:            path: .github/workflows/check-bioc.yml:189        
remote:             
remote:        (?) To push, remove secret from commit(s) or follow this URL to allow the secret.        
remote:        https://github.com/bioconductor-source/RMassBank/security/secret-scanning/unblock-secret/3GSMxk7G3FrHDtzG1CcXH0YKyeT        
remote:             
remote: 
remote: 
remote: error: GH013: Repository rule violations found for refs/heads/RELEASE_3_13.        
remote: 
remote: - GITHUB PUSH PROTECTION        
remote:   —————————————————————————————————————————        
remote:     Resolve the following violations before pushing again        
remote: 
remote:     - Push cannot contain secrets        
remote: 
remote:             
remote:      (?) Learn how to resolve a blocked push        
remote:      https://docs.github.com/code-security/secret-scanning/working-with-secret-scanning-and-push-protection/working-with-push-protection-from-the-command-line#resolving-a-blocked-push        
remote:             
remote:      (?) This repository does not have Secret Scanning enabled, but is eligible. Enable Secret Scanning to view and manage detected secrets.        
remote:      Visit the repository settings page, https://github.com/bioconductor-source/RMassBank/settings/security_analysis        
remote:             
remote:             
remote:       —— GitHub Personal Access Token ——————————————————————        
remote:        locations:        
remote:          - commit: 3f9634583bd01b6ae8ea5feb77e311eedea7fc51        
remote:            path: .github/workflows/check-bioc.yml:189        
remote:             
remote:        (?) To push, remove secret from commit(s) or follow this URL to allow the secret.        
remote:        https://github.com/bioconductor-source/RMassBank/security/secret-scanning/unblock-secret/3GSMxk7G3FrHDtzG1CcXH0YKyeT        
remote:             
remote: 
remote: 
remote: error: GH013: Repository rule violations found for refs/heads/RELEASE_3_14.        
remote: 
remote: - GITHUB PUSH PROTECTION        
remote:   —————————————————————————————————————————        
remote:     Resolve the following violations before pushing again        
remote: 
remote:     - Push cannot contain secrets        
remote: 
remote:             
remote:      (?) Learn how to resolve a blocked push        
remote:      https://docs.github.com/code-security/secret-scanning/working-with-secret-scanning-and-push-protection/working-with-push-protection-from-the-command-line#resolving-a-blocked-push        
remote:             
remote:      (?) This repository does not have Secret Scanning enabled, but is eligible. Enable Secret Scanning to view and manage detected secrets.        
remote:      Visit the repository settings page, https://github.com/bioconductor-source/RMassBank/settings/security_analysis        
remote:             
remote:             
remote:       —— GitHub Personal Access Token ——————————————————————        
remote:        locations:        
remote:          - commit: 3f9634583bd01b6ae8ea5feb77e311eedea7fc51        
remote:            path: .github/workflows/check-bioc.yml:189        
remote:             
remote:        (?) To push, remove secret from commit(s) or follow this URL to allow the secret.        
remote:        https://github.com/bioconductor-source/RMassBank/security/secret-scanning/unblock-secret/3GSMxk7G3FrHDtzG1CcXH0YKyeT        
remote:             
remote: 
remote: 
remote: error: GH013: Repository rule violations found for refs/heads/RELEASE_3_15.        
remote: 
remote: - GITHUB PUSH PROTECTION        
remote:   —————————————————————————————————————————        
remote:     Resolve the following violations before pushing again        
remote: 
remote:     - Push cannot contain secrets        
remote: 
remote:             
remote:      (?) Learn how to resolve a blocked push        
remote:      https://docs.github.com/code-security/secret-scanning/working-with-secret-scanning-and-push-protection/working-with-push-protection-from-the-command-line#resolving-a-blocked-push        
remote:             
remote:      (?) This repository does not have Secret Scanning enabled, but is eligible. Enable Secret Scanning to view and manage detected secrets.        
remote:      Visit the repository settings page, https://github.com/bioconductor-source/RMassBank/settings/security_analysis        
remote:             
remote:             
remote:       —— GitHub Personal Access Token ——————————————————————        
remote:        locations:        
remote:          - commit: 3f9634583bd01b6ae8ea5feb77e311eedea7fc51        
remote:            path: .github/workflows/check-bioc.yml:189        
remote:             
remote:        (?) To push, remove secret from commit(s) or follow this URL to allow the secret.        
remote:        https://github.com/bioconductor-source/RMassBank/security/secret-scanning/unblock-secret/3GSMxk7G3FrHDtzG1CcXH0YKyeT        
remote:             
remote: 
remote: 
remote: error: GH013: Repository rule violations found for refs/heads/RELEASE_3_16.        
remote: 
remote: - GITHUB PUSH PROTECTION        
remote:   —————————————————————————————————————————        
remote:     Resolve the following violations before pushing again        
remote: 
remote:     - Push cannot contain secrets        
remote: 
remote:             
remote:      (?) Learn how to resolve a blocked push        
remote:      https://docs.github.com/code-security/secret-scanning/working-with-secret-scanning-and-push-protection/working-with-push-protection-from-the-command-line#resolving-a-blocked-push        
remote:             
remote:      (?) This repository does not have Secret Scanning enabled, but is eligible. Enable Secret Scanning to view and manage detected secrets.        
remote:      Visit the repository settings page, https://github.com/bioconductor-source/RMassBank/settings/security_analysis        
remote:             
remote:             
remote:       —— GitHub Personal Access Token ——————————————————————        
remote:        locations:        
remote:          - commit: 3f9634583bd01b6ae8ea5feb77e311eedea7fc51        
remote:            path: .github/workflows/check-bioc.yml:189        
remote:             
remote:        (?) To push, remove secret from commit(s) or follow this URL to allow the secret.        
remote:        https://github.com/bioconductor-source/RMassBank/security/secret-scanning/unblock-secret/3GSMxk7G3FrHDtzG1CcXH0YKyeT        
remote:             
remote: 
remote: 
remote: error: GH013: Repository rule violations found for refs/heads/RELEASE_3_17.        
remote: 
remote: - GITHUB PUSH PROTECTION        
remote:   —————————————————————————————————————————        
remote:     Resolve the following violations before pushing again        
remote: 
remote:     - Push cannot contain secrets        
remote: 
remote:             
remote:      (?) Learn how to resolve a blocked push        
remote:      https://docs.github.com/code-security/secret-scanning/working-with-secret-scanning-and-push-protection/working-with-push-protection-from-the-command-line#resolving-a-blocked-push        
remote:             
remote:      (?) This repository does not have Secret Scanning enabled, but is eligible. Enable Secret Scanning to view and manage detected secrets.        
remote:      Visit the repository settings page, https://github.com/bioconductor-source/RMassBank/settings/security_analysis        
remote:             
remote:             
remote:       —— GitHub Personal Access Token ——————————————————————        
remote:        locations:        
remote:          - commit: 3f9634583bd01b6ae8ea5feb77e311eedea7fc51        
remote:            path: .github/workflows/check-bioc.yml:189        
remote:             
remote:        (?) To push, remove secret from commit(s) or follow this URL to allow the secret.        
remote:        https://github.com/bioconductor-source/RMassBank/security/secret-scanning/unblock-secret/3GSMxk7G3FrHDtzG1CcXH0YKyeT        
remote:             
remote: 
remote: 
remote: error: GH013: Repository rule violations found for refs/heads/RELEASE_3_18.        
remote: 
remote: - GITHUB PUSH PROTECTION        
remote:   —————————————————————————————————————————        
remote:     Resolve the following violations before pushing again        
remote: 
remote:     - Push cannot contain secrets        
remote: 
remote:             
remote:      (?) Learn how to resolve a blocked push        
remote:      https://docs.github.com/code-security/secret-scanning/working-with-secret-scanning-and-push-protection/working-with-push-protection-from-the-command-line#resolving-a-blocked-push        
remote:             
remote:      (?) This repository does not have Secret Scanning enabled, but is eligible. Enable Secret Scanning to view and manage detected secrets.        
remote:      Visit the repository settings page, https://github.com/bioconductor-source/RMassBank/settings/security_analysis        
remote:             
remote:             
remote:       —— GitHub Personal Access Token ——————————————————————        
remote:        locations:        
remote:          - commit: 3f9634583bd01b6ae8ea5feb77e311eedea7fc51        
remote:            path: .github/workflows/check-bioc.yml:189        
remote:             
remote:        (?) To push, remove secret from commit(s) or follow this URL to allow the secret.        
remote:        https://github.com/bioconductor-source/RMassBank/security/secret-scanning/unblock-secret/3GSMxk7G3FrHDtzG1CcXH0YKyeT        
remote:             
remote: 
remote: 
remote: error: GH013: Repository rule violations found for refs/heads/RELEASE_3_19.        
remote: 
remote: - GITHUB PUSH PROTECTION        
remote:   —————————————————————————————————————————        
remote:     Resolve the following violations before pushing again        
remote: 
remote:     - Push cannot contain secrets        
remote: 
remote:             
remote:      (?) Learn how to resolve a blocked push        
remote:      https://docs.github.com/code-security/secret-scanning/working-with-secret-scanning-and-push-protection/working-with-push-protection-from-the-command-line#resolving-a-blocked-push        
remote:             
remote:      (?) This repository does not have Secret Scanning enabled, but is eligible. Enable Secret Scanning to view and manage detected secrets.        
remote:      Visit the repository settings page, https://github.com/bioconductor-source/RMassBank/settings/security_analysis        
remote:             
remote:             
remote:       —— GitHub Personal Access Token ——————————————————————        
remote:        locations:        
remote:          - commit: 3f9634583bd01b6ae8ea5feb77e311eedea7fc51        
remote:            path: .github/workflows/check-bioc.yml:189        
remote:             
remote:        (?) To push, remove secret from commit(s) or follow this URL to allow the secret.        
remote:        https://github.com/bioconductor-source/RMassBank/security/secret-scanning/unblock-secret/3GSMxk7G3FrHDtzG1CcXH0YKyeT        
remote:             
remote: 
remote: 
remote: error: GH013: Repository rule violations found for refs/heads/RELEASE_3_2.        
remote: 
remote: - GITHUB PUSH PROTECTION        
remote:   —————————————————————————————————————————        
remote:     Resolve the following violations before pushing again        
remote: 
remote:     - Push cannot contain secrets        
remote: 
remote:             
remote:      (?) Learn how to resolve a blocked push        
remote:      https://docs.github.com/code-security/secret-scanning/working-with-secret-scanning-and-push-protection/working-with-push-protection-from-the-command-line#resolving-a-blocked-push        
remote:             
remote:      (?) This repository does not have Secret Scanning enabled, but is eligible. Enable Secret Scanning to view and manage detected secrets.        
remote:      Visit the repository settings page, https://github.com/bioconductor-source/RMassBank/settings/security_analysis        
remote:             
remote:             
remote:       —— GitHub Personal Access Token ——————————————————————        
remote:        locations:        
remote:          - commit: 3f9634583bd01b6ae8ea5feb77e311eedea7fc51        
remote:            path: .github/workflows/check-bioc.yml:189        
remote:             
remote:        (?) To push, remove secret from commit(s) or follow this URL to allow the secret.        
remote:        https://github.com/bioconductor-source/RMassBank/security/secret-scanning/unblock-secret/3GSMxk7G3FrHDtzG1CcXH0YKyeT        
remote:             
remote: 
remote: 
remote: error: GH013: Repository rule violations found for refs/heads/RELEASE_3_20.        
remote: 
remote: - GITHUB PUSH PROTECTION        
remote:   —————————————————————————————————————————        
remote:     Resolve the following violations before pushing again        
remote: 
remote:     - Push cannot contain secrets        
remote: 
remote:             
remote:      (?) Learn how to resolve a blocked push        
remote:      https://docs.github.com/code-security/secret-scanning/working-with-secret-scanning-and-push-protection/working-with-push-protection-from-the-command-line#resolving-a-blocked-push        
remote:             
remote:      (?) This repository does not have Secret Scanning enabled, but is eligible. Enable Secret Scanning to view and manage detected secrets.        
remote:      Visit the repository settings page, https://github.com/bioconductor-source/RMassBank/settings/security_analysis        
remote:             
remote:             
remote:       —— GitHub Personal Access Token ——————————————————————        
remote:        locations:        
remote:          - commit: 3f9634583bd01b6ae8ea5feb77e311eedea7fc51        
remote:            path: .github/workflows/check-bioc.yml:189        
remote:             
remote:        (?) To push, remove secret from commit(s) or follow this URL to allow the secret.        
remote:        https://github.com/bioconductor-source/RMassBank/security/secret-scanning/unblock-secret/3GSMxk7G3FrHDtzG1CcXH0YKyeT        
remote:             
remote: 
remote: 
remote: error: GH013: Repository rule violations found for refs/heads/RELEASE_3_21.        
remote: 
remote: - GITHUB PUSH PROTECTION        
remote:   —————————————————————————————————————————        
remote:     Resolve the following violations before pushing again        
remote: 
remote:     - Push cannot contain secrets        
remote: 
remote:             
remote:      (?) Learn how to resolve a blocked push        
remote:      https://docs.github.com/code-security/secret-scanning/working-with-secret-scanning-and-push-protection/working-with-push-protection-from-the-command-line#resolving-a-blocked-push        
remote:             
remote:      (?) This repository does not have Secret Scanning enabled, but is eligible. Enable Secret Scanning to view and manage detected secrets.        
remote:      Visit the repository settings page, https://github.com/bioconductor-source/RMassBank/settings/security_analysis        
remote:             
remote:             
remote:       —— GitHub Personal Access Token ——————————————————————        
remote:        locations:        
remote:          - commit: 3f9634583bd01b6ae8ea5feb77e311eedea7fc51        
remote:            path: .github/workflows/check-bioc.yml:189        
remote:             
remote:        (?) To push, remove secret from commit(s) or follow this URL to allow the secret.        
remote:        https://github.com/bioconductor-source/RMassBank/security/secret-scanning/unblock-secret/3GSMxk7G3FrHDtzG1CcXH0YKyeT        
remote:             
remote: 
remote: 
remote: error: GH013: Repository rule violations found for refs/heads/RELEASE_3_22.        
remote: 
remote: - GITHUB PUSH PROTECTION        
remote:   —————————————————————————————————————————        
remote:     Resolve the following violations before pushing again        
remote: 
remote:     - Push cannot contain secrets        
remote: 
remote:             
remote:      (?) Learn how to resolve a blocked push        
remote:      https://docs.github.com/code-security/secret-scanning/working-with-secret-scanning-and-push-protection/working-with-push-protection-from-the-command-line#resolving-a-blocked-push        
remote:             
remote:      (?) This repository does not have Secret Scanning enabled, but is eligible. Enable Secret Scanning to view and manage detected secrets.        
remote:      Visit the repository settings page, https://github.com/bioconductor-source/RMassBank/settings/security_analysis        
remote:             
remote:             
remote:       —— GitHub Personal Access Token ——————————————————————        
remote:        locations:        
remote:          - commit: 3f9634583bd01b6ae8ea5feb77e311eedea7fc51        
remote:            path: .github/workflows/check-bioc.yml:189        
remote:             
remote:        (?) To push, remove secret from commit(s) or follow this URL to allow the secret.        
remote:        https://github.com/bioconductor-source/RMassBank/security/secret-scanning/unblock-secret/3GSMxk7G3FrHDtzG1CcXH0YKyeT        
remote:             
remote: 
remote: 
remote: error: GH013: Repository rule violations found for refs/heads/RELEASE_3_23.        
remote: 
remote: - GITHUB PUSH PROTECTION        
remote:   —————————————————————————————————————————        
remote:     Resolve the following violations before pushing again        
remote: 
remote:     - Push cannot contain secrets        
remote: 
remote:             
remote:      (?) Learn how to resolve a blocked push        
remote:      https://docs.github.com/code-security/secret-scanning/working-with-secret-scanning-and-push-protection/working-with-push-protection-from-the-command-line#resolving-a-blocked-push        
remote:             
remote:      (?) This repository does not have Secret Scanning enabled, but is eligible. Enable Secret Scanning to view and manage detected secrets.        
remote:      Visit the repository settings page, https://github.com/bioconductor-source/RMassBank/settings/security_analysis        
remote:             
remote:             
remote:       —— GitHub Personal Access Token ——————————————————————        
remote:        locations:        
remote:          - commit: 3f9634583bd01b6ae8ea5feb77e311eedea7fc51        
remote:            path: .github/workflows/check-bioc.yml:189        
remote:             
remote:        (?) To push, remove secret from commit(s) or follow this URL to allow the secret.        
remote:        https://github.com/bioconductor-source/RMassBank/security/secret-scanning/unblock-secret/3GSMxk7G3FrHDtzG1CcXH0YKyeT        
remote:             
remote: 
remote: 
remote: error: GH013: Repository rule violations found for refs/heads/RELEASE_3_3.        
remote: 
remote: - GITHUB PUSH PROTECTION        
remote:   —————————————————————————————————————————        
remote:     Resolve the following violations before pushing again        
remote: 
remote:     - Push cannot contain secrets        
remote: 
remote:             
remote:      (?) Learn how to resolve a blocked push        
remote:      https://docs.github.com/code-security/secret-scanning/working-with-secret-scanning-and-push-protection/working-with-push-protection-from-the-command-line#resolving-a-blocked-push        
remote:             
remote:      (?) This repository does not have Secret Scanning enabled, but is eligible. Enable Secret Scanning to view and manage detected secrets.        
remote:      Visit the repository settings page, https://github.com/bioconductor-source/RMassBank/settings/security_analysis        
remote:             
remote:             
remote:       —— GitHub Personal Access Token ——————————————————————        
remote:        locations:        
remote:          - commit: 3f9634583bd01b6ae8ea5feb77e311eedea7fc51        
remote:            path: .github/workflows/check-bioc.yml:189        
remote:             
remote:        (?) To push, remove secret from commit(s) or follow this URL to allow the secret.        
remote:        https://github.com/bioconductor-source/RMassBank/security/secret-scanning/unblock-secret/3GSMxk7G3FrHDtzG1CcXH0YKyeT        
remote:             
remote: 
remote: 
remote: error: GH013: Repository rule violations found for refs/heads/RELEASE_3_4.        
remote: 
remote: - GITHUB PUSH PROTECTION        
remote:   —————————————————————————————————————————        
remote:     Resolve the following violations before pushing again        
remote: 
remote:     - Push cannot contain secrets        
remote: 
remote:             
remote:      (?) Learn how to resolve a blocked push        
remote:      https://docs.github.com/code-security/secret-scanning/working-with-secret-scanning-and-push-protection/working-with-push-protection-from-the-command-line#resolving-a-blocked-push        
remote:             
remote:      (?) This repository does not have Secret Scanning enabled, but is eligible. Enable Secret Scanning to view and manage detected secrets.        
remote:      Visit the repository settings page, https://github.com/bioconductor-source/RMassBank/settings/security_analysis        
remote:             
remote:             
remote:       —— GitHub Personal Access Token ——————————————————————        
remote:        locations:        
remote:          - commit: 3f9634583bd01b6ae8ea5feb77e311eedea7fc51        
remote:            path: .github/workflows/check-bioc.yml:189        
remote:             
remote:        (?) To push, remove secret from commit(s) or follow this URL to allow the secret.        
remote:        https://github.com/bioconductor-source/RMassBank/security/secret-scanning/unblock-secret/3GSMxk7G3FrHDtzG1CcXH0YKyeT        
remote:             
remote: 
remote: 
remote: error: GH013: Repository rule violations found for refs/heads/RELEASE_3_5.        
remote: 
remote: - GITHUB PUSH PROTECTION        
remote:   —————————————————————————————————————————        
remote:     Resolve the following violations before pushing again        
remote: 
remote:     - Push cannot contain secrets        
remote: 
remote:             
remote:      (?) Learn how to resolve a blocked push        
remote:      https://docs.github.com/code-security/secret-scanning/working-with-secret-scanning-and-push-protection/working-with-push-protection-from-the-command-line#resolving-a-blocked-push        
remote:             
remote:      (?) This repository does not have Secret Scanning enabled, but is eligible. Enable Secret Scanning to view and manage detected secrets.        
remote:      Visit the repository settings page, https://github.com/bioconductor-source/RMassBank/settings/security_analysis        
remote:             
remote:             
remote:       —— GitHub Personal Access Token ——————————————————————        
remote:        locations:        
remote:          - commit: 3f9634583bd01b6ae8ea5feb77e311eedea7fc51        
remote:            path: .github/workflows/check-bioc.yml:189        
remote:             
remote:        (?) To push, remove secret from commit(s) or follow this URL to allow the secret.        
remote:        https://github.com/bioconductor-source/RMassBank/security/secret-scanning/unblock-secret/3GSMxk7G3FrHDtzG1CcXH0YKyeT        
remote:             
remote: 
remote: 
remote: error: GH013: Repository rule violations found for refs/heads/RELEASE_3_6.        
remote: 
remote: - GITHUB PUSH PROTECTION        
remote:   —————————————————————————————————————————        
remote:     Resolve the following violations before pushing again        
remote: 
remote:     - Push cannot contain secrets        
remote: 
remote:             
remote:      (?) Learn how to resolve a blocked push        
remote:      https://docs.github.com/code-security/secret-scanning/working-with-secret-scanning-and-push-protection/working-with-push-protection-from-the-command-line#resolving-a-blocked-push        
remote:             
remote:      (?) This repository does not have Secret Scanning enabled, but is eligible. Enable Secret Scanning to view and manage detected secrets.        
remote:      Visit the repository settings page, https://github.com/bioconductor-source/RMassBank/settings/security_analysis        
remote:             
remote:             
remote:       —— GitHub Personal Access Token ——————————————————————        
remote:        locations:        
remote:          - commit: 3f9634583bd01b6ae8ea5feb77e311eedea7fc51        
remote:            path: .github/workflows/check-bioc.yml:189        
remote:             
remote:        (?) To push, remove secret from commit(s) or follow this URL to allow the secret.        
remote:        https://github.com/bioconductor-source/RMassBank/security/secret-scanning/unblock-secret/3GSMxk7G3FrHDtzG1CcXH0YKyeT        
remote:             
remote: 
remote: 
remote: error: GH013: Repository rule violations found for refs/heads/RELEASE_3_7.        
remote: 
remote: - GITHUB PUSH PROTECTION        
remote:   —————————————————————————————————————————        
remote:     Resolve the following violations before pushing again        
remote: 
remote:     - Push cannot contain secrets        
remote: 
remote:             
remote:      (?) Learn how to resolve a blocked push        
remote:      https://docs.github.com/code-security/secret-scanning/working-with-secret-scanning-and-push-protection/working-with-push-protection-from-the-command-line#resolving-a-blocked-push        
remote:             
remote:      (?) This repository does not have Secret Scanning enabled, but is eligible. Enable Secret Scanning to view and manage detected secrets.        
remote:      Visit the repository settings page, https://github.com/bioconductor-source/RMassBank/settings/security_analysis        
remote:             
remote:             
remote:       —— GitHub Personal Access Token ——————————————————————        
remote:        locations:        
remote:          - commit: 3f9634583bd01b6ae8ea5feb77e311eedea7fc51        
remote:            path: .github/workflows/check-bioc.yml:189        
remote:             
remote:        (?) To push, remove secret from commit(s) or follow this URL to allow the secret.        
remote:        https://github.com/bioconductor-source/RMassBank/security/secret-scanning/unblock-secret/3GSMxk7G3FrHDtzG1CcXH0YKyeT        
remote:             
remote: 
remote: 
remote: error: GH013: Repository rule violations found for refs/heads/RELEASE_3_8.        
remote: 
remote: - GITHUB PUSH PROTECTION        
remote:   —————————————————————————————————————————        
remote:     Resolve the following violations before pushing again        
remote: 
remote:     - Push cannot contain secrets        
remote: 
remote:             
remote:      (?) Learn how to resolve a blocked push        
remote:      https://docs.github.com/code-security/secret-scanning/working-with-secret-scanning-and-push-protection/working-with-push-protection-from-the-command-line#resolving-a-blocked-push        
remote:             
remote:      (?) This repository does not have Secret Scanning enabled, but is eligible. Enable Secret Scanning to view and manage detected secrets.        
remote:      Visit the repository settings page, https://github.com/bioconductor-source/RMassBank/settings/security_analysis        
remote:             
remote:             
remote:       —— GitHub Personal Access Token ——————————————————————        
remote:        locations:        
remote:          - commit: 3f9634583bd01b6ae8ea5feb77e311eedea7fc51        
remote:            path: .github/workflows/check-bioc.yml:189        
remote:             
remote:        (?) To push, remove secret from commit(s) or follow this URL to allow the secret.        
remote:        https://github.com/bioconductor-source/RMassBank/security/secret-scanning/unblock-secret/3GSMxk7G3FrHDtzG1CcXH0YKyeT        
remote:             
remote: 
remote: 
remote: error: GH013: Repository rule violations found for refs/heads/RELEASE_3_9.        
remote: 
remote: - GITHUB PUSH PROTECTION        
remote:   —————————————————————————————————————————        
remote:     Resolve the following violations before pushing again        
remote: 
remote:     - Push cannot contain secrets        
remote: 
remote:             
remote:      (?) Learn how to resolve a blocked push        
remote:      https://docs.github.com/code-security/secret-scanning/working-with-secret-scanning-and-push-protection/working-with-push-protection-from-the-command-line#resolving-a-blocked-push        
remote:             
remote:      (?) This repository does not have Secret Scanning enabled, but is eligible. Enable Secret Scanning to view and manage detected secrets.        
remote:      Visit the repository settings page, https://github.com/bioconductor-source/RMassBank/settings/security_analysis        
remote:             
remote:             
remote:       —— GitHub Personal Access Token ——————————————————————        
remote:        locations:        
remote:          - commit: 3f9634583bd01b6ae8ea5feb77e311eedea7fc51        
remote:            path: .github/workflows/check-bioc.yml:189        
remote:             
remote:        (?) To push, remove secret from commit(s) or follow this URL to allow the secret.        
remote:        https://github.com/bioconductor-source/RMassBank/security/secret-scanning/unblock-secret/3GSMxk7G3FrHDtzG1CcXH0YKyeT        
remote:             
remote: 
remote: 
remote: error: GH013: Repository rule violations found for refs/heads/devel.        
remote: 
remote: - GITHUB PUSH PROTECTION        
remote:   —————————————————————————————————————————        
remote:     Resolve the following violations before pushing again        
remote: 
remote:     - Push cannot contain secrets        
remote: 
remote:             
remote:      (?) Learn how to resolve a blocked push        
remote:      https://docs.github.com/code-security/secret-scanning/working-with-secret-scanning-and-push-protection/working-with-push-protection-from-the-command-line#resolving-a-blocked-push        
remote:             
remote:      (?) This repository does not have Secret Scanning enabled, but is eligible. Enable Secret Scanning to view and manage detected secrets.        
remote:      Visit the repository settings page, https://github.com/bioconductor-source/RMassBank/settings/security_analysis        
remote:             
remote:             
remote:       —— GitHub Personal Access Token ——————————————————————        
remote:        locations:        
remote:          - commit: 3f9634583bd01b6ae8ea5feb77e311eedea7fc51        
remote:            path: .github/workflows/check-bioc.yml:189        
remote:             
remote:        (?) To push, remove secret from commit(s) or follow this URL to allow the secret.        
remote:        https://github.com/bioconductor-source/RMassBank/security/secret-scanning/unblock-secret/3GSMxk7G3FrHDtzG1CcXH0YKyeT        
remote:             
remote: 
remote: 
To github.com:bioconductor-source/RMassBank.git
 ! [remote rejected] RELEASE_2_11 -> RELEASE_2_11 (push declined due to repository rule violations)
 ! [remote rejected] RELEASE_2_12 -> RELEASE_2_12 (push declined due to repository rule violations)
 ! [remote rejected] RELEASE_2_13 -> RELEASE_2_13 (push declined due to repository rule violations)
 ! [remote rejected] RELEASE_2_14 -> RELEASE_2_14 (push declined due to repository rule violations)
 ! [remote rejected] RELEASE_3_0 -> RELEASE_3_0 (push declined due to repository rule violations)
 ! [remote rejected] RELEASE_3_1 -> RELEASE_3_1 (push declined due to repository rule violations)
 ! [remote rejected] RELEASE_3_10 -> RELEASE_3_10 (push declined due to repository rule violations)
 ! [remote rejected] RELEASE_3_11 -> RELEASE_3_11 (push declined due to repository rule violations)
 ! [remote rejected] RELEASE_3_12 -> RELEASE_3_12 (push declined due to repository rule violations)
 ! [remote rejected] RELEASE_3_13 -> RELEASE_3_13 (push declined due to repository rule violations)
 ! [remote rejected] RELEASE_3_14 -> RELEASE_3_14 (push declined due to repository rule violations)
 ! [remote rejected] RELEASE_3_15 -> RELEASE_3_15 (push declined due to repository rule violations)
 ! [remote rejected] RELEASE_3_16 -> RELEASE_3_16 (push declined due to repository rule violations)
 ! [remote rejected] RELEASE_3_17 -> RELEASE_3_17 (push declined due to repository rule violations)
 ! [remote rejected] RELEASE_3_18 -> RELEASE_3_18 (push declined due to repository rule violations)
 ! [remote rejected] RELEASE_3_19 -> RELEASE_3_19 (push declined due to repository rule violations)
 ! [remote rejected] RELEASE_3_2 -> RELEASE_3_2 (push declined due to repository rule violations)
 ! [remote rejected] RELEASE_3_20 -> RELEASE_3_20 (push declined due to repository rule violations)
 ! [remote rejected] RELEASE_3_21 -> RELEASE_3_21 (push declined due to repository rule violations)
 ! [remote rejected] RELEASE_3_22 -> RELEASE_3_22 (push declined due to repository rule violations)
 ! [remote rejected] RELEASE_3_23 -> RELEASE_3_23 (push declined due to repository rule violations)
 ! [remote rejected] RELEASE_3_3 -> RELEASE_3_3 (push declined due to repository rule violations)
 ! [remote rejected] RELEASE_3_4 -> RELEASE_3_4 (push declined due to repository rule violations)
 ! [remote rejected] RELEASE_3_5 -> RELEASE_3_5 (push declined due to repository rule violations)
 ! [remote rejected] RELEASE_3_6 -> RELEASE_3_6 (push declined due to repository rule violations)
 ! [remote rejected] RELEASE_3_7 -> RELEASE_3_7 (push declined due to repository rule violations)
 ! [remote rejected] RELEASE_3_8 -> RELEASE_3_8 (push declined due to repository rule violations)
 ! [remote rejected] RELEASE_3_9 -> RELEASE_3_9 (push declined due to repository rule violations)
 ! [remote rejected] devel -> devel (push declined due to repository rule violations)
error: failed to push some refs to 'github.com:bioconductor-source/RMassBank.git'

[EXIT CODE] 1

###################################################
Package: singIST
Time: Mon Jul 13 12:39:26 PM EDT 2026
###################################################
[CLONE]
Cloning into bare repository 'singIST.git'...
[PUSH]
remote: error: Trace: 7df74ba423da37d659578e973ed6bbbe027591e78a2df3588d5ebb7f1eed1ca6        
remote: error: See https://gh.io/lfs for more information.        
remote: error: File data/OXA.rda is 228.84 MB; this exceeds GitHub's file size limit of 100.00 MB        
remote: error: GH001: Large files detected. You may want to try Git Large File Storage - https://git-lfs.github.com.        
To github.com:bioconductor-source/singIST.git
 ! [remote rejected] RELEASE_3_23 -> RELEASE_3_23 (pre-receive hook declined)
 ! [remote rejected] devel -> devel (pre-receive hook declined)
error: failed to push some refs to 'github.com:bioconductor-source/singIST.git'

[EXIT CODE] 1

###################################################
Package: sevenbridges
Time: Mon Jul 13 12:40:00 PM EDT 2026
###################################################
[CLONE]
Cloning into bare repository 'sevenbridges.git'...
[PUSH]
remote: error: GH013: Repository rule violations found for refs/heads/RELEASE_3_10.        
remote: 
remote: - GITHUB PUSH PROTECTION        
remote:   —————————————————————————————————————————        
remote:     Resolve the following violations before pushing again        
remote: 
remote:     - Push cannot contain secrets        
remote: 
remote:             
remote:      (?) Learn how to resolve a blocked push        
remote:      https://docs.github.com/code-security/secret-scanning/working-with-secret-scanning-and-push-protection/working-with-push-protection-from-the-command-line#resolving-a-blocked-push        
remote:             
remote:      (?) This repository does not have Secret Scanning enabled, but is eligible. Enable Secret Scanning to view and manage detected secrets.        
remote:      Visit the repository settings page, https://github.com/bioconductor-source/sevenbridges/settings/security_analysis        
remote:             
remote:             
remote:       —— Amazon AWS Access Key ID ——————————————————————————        
remote:        locations:        
remote:          - commit: 068ce845cbf3dad7aee2331970f133f17b4c92d9        
remote:            path: docs/articles/api.html:1889        
remote:          - commit: eabb1a805a81ba7677b55aa2d1aeb8502a5c1401        
remote:            path: docs/articles/api.html:1908        
remote:          - commit: d6951e451eb15764a62b875296a69031bc8bdd36        
remote:            path: vignettes/api.Rmd:1333        
remote:          - commit: 710b864ffd85af247a4010a279d9383737a2cf01        
remote:            path: vignettes/api.Rmd:1901        
remote:          - commit: b1111e4db1040a6b44a4a727abd5877fddee0222        
remote:            path: vignettes/api.Rmd:1965        
remote:             
remote:        (?) To push, remove secret from commit(s) or follow this URL to allow the secret.        
remote:        https://github.com/bioconductor-source/sevenbridges/security/secret-scanning/unblock-secret/3GSN3iYUPeOjTugQjKTwInm9VfM        
remote:             
remote:             
remote:       —— Amazon AWS Secret Access Key ——————————————————————        
remote:        locations:        
remote:          - commit: 068ce845cbf3dad7aee2331970f133f17b4c92d9        
remote:            path: docs/articles/api.html:1890        
remote:          - commit: eabb1a805a81ba7677b55aa2d1aeb8502a5c1401        
remote:            path: docs/articles/api.html:1909        
remote:          - commit: d6951e451eb15764a62b875296a69031bc8bdd36        
remote:            path: vignettes/api.Rmd:1334        
remote:          - commit: 710b864ffd85af247a4010a279d9383737a2cf01        
remote:            path: vignettes/api.Rmd:1902        
remote:          - commit: b1111e4db1040a6b44a4a727abd5877fddee0222        
remote:            path: vignettes/api.Rmd:1966        
remote:             
remote:        (?) To push, remove secret from commit(s) or follow this URL to allow the secret.        
remote:        https://github.com/bioconductor-source/sevenbridges/security/secret-scanning/unblock-secret/3GSN3kgLIEax2Mc4EzDIvAUzGud        
remote:             
remote: 
remote: 
remote: error: GH013: Repository rule violations found for refs/heads/RELEASE_3_11.        
remote: 
remote: - GITHUB PUSH PROTECTION        
remote:   —————————————————————————————————————————        
remote:     Resolve the following violations before pushing again        
remote: 
remote:     - Push cannot contain secrets        
remote: 
remote:             
remote:      (?) Learn how to resolve a blocked push        
remote:      https://docs.github.com/code-security/secret-scanning/working-with-secret-scanning-and-push-protection/working-with-push-protection-from-the-command-line#resolving-a-blocked-push        
remote:             
remote:      (?) This repository does not have Secret Scanning enabled, but is eligible. Enable Secret Scanning to view and manage detected secrets.        
remote:      Visit the repository settings page, https://github.com/bioconductor-source/sevenbridges/settings/security_analysis        
remote:             
remote:             
remote:       —— Amazon AWS Access Key ID ——————————————————————————        
remote:        locations:        
remote:          - commit: 068ce845cbf3dad7aee2331970f133f17b4c92d9        
remote:            path: docs/articles/api.html:1889        
remote:          - commit: eabb1a805a81ba7677b55aa2d1aeb8502a5c1401        
remote:            path: docs/articles/api.html:1908        
remote:          - commit: d6951e451eb15764a62b875296a69031bc8bdd36        
remote:            path: vignettes/api.Rmd:1333        
remote:          - commit: 710b864ffd85af247a4010a279d9383737a2cf01        
remote:            path: vignettes/api.Rmd:1901        
remote:          - commit: b1111e4db1040a6b44a4a727abd5877fddee0222        
remote:            path: vignettes/api.Rmd:1965        
remote:             
remote:        (?) To push, remove secret from commit(s) or follow this URL to allow the secret.        
remote:        https://github.com/bioconductor-source/sevenbridges/security/secret-scanning/unblock-secret/3GSN3iYUPeOjTugQjKTwInm9VfM        
remote:             
remote:             
remote:       —— Amazon AWS Secret Access Key ——————————————————————        
remote:        locations:        
remote:          - commit: 068ce845cbf3dad7aee2331970f133f17b4c92d9        
remote:            path: docs/articles/api.html:1890        
remote:          - commit: eabb1a805a81ba7677b55aa2d1aeb8502a5c1401        
remote:            path: docs/articles/api.html:1909        
remote:          - commit: d6951e451eb15764a62b875296a69031bc8bdd36        
remote:            path: vignettes/api.Rmd:1334        
remote:          - commit: 710b864ffd85af247a4010a279d9383737a2cf01        
remote:            path: vignettes/api.Rmd:1902        
remote:          - commit: b1111e4db1040a6b44a4a727abd5877fddee0222        
remote:            path: vignettes/api.Rmd:1966        
remote:             
remote:        (?) To push, remove secret from commit(s) or follow this URL to allow the secret.        
remote:        https://github.com/bioconductor-source/sevenbridges/security/secret-scanning/unblock-secret/3GSN3kgLIEax2Mc4EzDIvAUzGud        
remote:             
remote: 
remote: 
remote: error: GH013: Repository rule violations found for refs/heads/RELEASE_3_12.        
remote: 
remote: - GITHUB PUSH PROTECTION        
remote:   —————————————————————————————————————————        
remote:     Resolve the following violations before pushing again        
remote: 
remote:     - Push cannot contain secrets        
remote: 
remote:             
remote:      (?) Learn how to resolve a blocked push        
remote:      https://docs.github.com/code-security/secret-scanning/working-with-secret-scanning-and-push-protection/working-with-push-protection-from-the-command-line#resolving-a-blocked-push        
remote:             
remote:      (?) This repository does not have Secret Scanning enabled, but is eligible. Enable Secret Scanning to view and manage detected secrets.        
remote:      Visit the repository settings page, https://github.com/bioconductor-source/sevenbridges/settings/security_analysis        
remote:             
remote:             
remote:       —— Amazon AWS Access Key ID ——————————————————————————        
remote:        locations:        
remote:          - commit: 068ce845cbf3dad7aee2331970f133f17b4c92d9        
remote:            path: docs/articles/api.html:1889        
remote:          - commit: eabb1a805a81ba7677b55aa2d1aeb8502a5c1401        
remote:            path: docs/articles/api.html:1908        
remote:          - commit: d6951e451eb15764a62b875296a69031bc8bdd36        
remote:            path: vignettes/api.Rmd:1333        
remote:          - commit: 710b864ffd85af247a4010a279d9383737a2cf01        
remote:            path: vignettes/api.Rmd:1901        
remote:          - commit: b1111e4db1040a6b44a4a727abd5877fddee0222        
remote:            path: vignettes/api.Rmd:1965        
remote:             
remote:        (?) To push, remove secret from commit(s) or follow this URL to allow the secret.        
remote:        https://github.com/bioconductor-source/sevenbridges/security/secret-scanning/unblock-secret/3GSN3iYUPeOjTugQjKTwInm9VfM        
remote:             
remote:             
remote:       —— Amazon AWS Secret Access Key ——————————————————————        
remote:        locations:        
remote:          - commit: 068ce845cbf3dad7aee2331970f133f17b4c92d9        
remote:            path: docs/articles/api.html:1890        
remote:          - commit: eabb1a805a81ba7677b55aa2d1aeb8502a5c1401        
remote:            path: docs/articles/api.html:1909        
remote:          - commit: d6951e451eb15764a62b875296a69031bc8bdd36        
remote:            path: vignettes/api.Rmd:1334        
remote:          - commit: 710b864ffd85af247a4010a279d9383737a2cf01        
remote:            path: vignettes/api.Rmd:1902        
remote:          - commit: b1111e4db1040a6b44a4a727abd5877fddee0222        
remote:            path: vignettes/api.Rmd:1966        
remote:             
remote:        (?) To push, remove secret from commit(s) or follow this URL to allow the secret.        
remote:        https://github.com/bioconductor-source/sevenbridges/security/secret-scanning/unblock-secret/3GSN3kgLIEax2Mc4EzDIvAUzGud        
remote:             
remote: 
remote: 
remote: error: GH013: Repository rule violations found for refs/heads/RELEASE_3_13.        
remote: 
remote: - GITHUB PUSH PROTECTION        
remote:   —————————————————————————————————————————        
remote:     Resolve the following violations before pushing again        
remote: 
remote:     - Push cannot contain secrets        
remote: 
remote:             
remote:      (?) Learn how to resolve a blocked push        
remote:      https://docs.github.com/code-security/secret-scanning/working-with-secret-scanning-and-push-protection/working-with-push-protection-from-the-command-line#resolving-a-blocked-push        
remote:             
remote:      (?) This repository does not have Secret Scanning enabled, but is eligible. Enable Secret Scanning to view and manage detected secrets.        
remote:      Visit the repository settings page, https://github.com/bioconductor-source/sevenbridges/settings/security_analysis        
remote:             
remote:             
remote:       —— Amazon AWS Access Key ID ——————————————————————————        
remote:        locations:        
remote:          - commit: 068ce845cbf3dad7aee2331970f133f17b4c92d9        
remote:            path: docs/articles/api.html:1889        
remote:          - commit: eabb1a805a81ba7677b55aa2d1aeb8502a5c1401        
remote:            path: docs/articles/api.html:1908        
remote:          - commit: d6951e451eb15764a62b875296a69031bc8bdd36        
remote:            path: vignettes/api.Rmd:1333        
remote:          - commit: 710b864ffd85af247a4010a279d9383737a2cf01        
remote:            path: vignettes/api.Rmd:1901        
remote:          - commit: b1111e4db1040a6b44a4a727abd5877fddee0222        
remote:            path: vignettes/api.Rmd:1965        
remote:             
remote:        (?) To push, remove secret from commit(s) or follow this URL to allow the secret.        
remote:        https://github.com/bioconductor-source/sevenbridges/security/secret-scanning/unblock-secret/3GSN3iYUPeOjTugQjKTwInm9VfM        
remote:             
remote:             
remote:       —— Amazon AWS Secret Access Key ——————————————————————        
remote:        locations:        
remote:          - commit: 068ce845cbf3dad7aee2331970f133f17b4c92d9        
remote:            path: docs/articles/api.html:1890        
remote:          - commit: eabb1a805a81ba7677b55aa2d1aeb8502a5c1401        
remote:            path: docs/articles/api.html:1909        
remote:          - commit: d6951e451eb15764a62b875296a69031bc8bdd36        
remote:            path: vignettes/api.Rmd:1334        
remote:          - commit: 710b864ffd85af247a4010a279d9383737a2cf01        
remote:            path: vignettes/api.Rmd:1902        
remote:          - commit: b1111e4db1040a6b44a4a727abd5877fddee0222        
remote:            path: vignettes/api.Rmd:1966        
remote:             
remote:        (?) To push, remove secret from commit(s) or follow this URL to allow the secret.        
remote:        https://github.com/bioconductor-source/sevenbridges/security/secret-scanning/unblock-secret/3GSN3kgLIEax2Mc4EzDIvAUzGud        
remote:             
remote: 
remote: 
remote: error: GH013: Repository rule violations found for refs/heads/RELEASE_3_14.        
remote: 
remote: - GITHUB PUSH PROTECTION        
remote:   —————————————————————————————————————————        
remote:     Resolve the following violations before pushing again        
remote: 
remote:     - Push cannot contain secrets        
remote: 
remote:             
remote:      (?) Learn how to resolve a blocked push        
remote:      https://docs.github.com/code-security/secret-scanning/working-with-secret-scanning-and-push-protection/working-with-push-protection-from-the-command-line#resolving-a-blocked-push        
remote:             
remote:      (?) This repository does not have Secret Scanning enabled, but is eligible. Enable Secret Scanning to view and manage detected secrets.        
remote:      Visit the repository settings page, https://github.com/bioconductor-source/sevenbridges/settings/security_analysis        
remote:             
remote:             
remote:       —— Amazon AWS Access Key ID ——————————————————————————        
remote:        locations:        
remote:          - commit: 068ce845cbf3dad7aee2331970f133f17b4c92d9        
remote:            path: docs/articles/api.html:1889        
remote:          - commit: eabb1a805a81ba7677b55aa2d1aeb8502a5c1401        
remote:            path: docs/articles/api.html:1908        
remote:          - commit: d6951e451eb15764a62b875296a69031bc8bdd36        
remote:            path: vignettes/api.Rmd:1333        
remote:          - commit: 710b864ffd85af247a4010a279d9383737a2cf01        
remote:            path: vignettes/api.Rmd:1901        
remote:          - commit: b1111e4db1040a6b44a4a727abd5877fddee0222        
remote:            path: vignettes/api.Rmd:1965        
remote:             
remote:        (?) To push, remove secret from commit(s) or follow this URL to allow the secret.        
remote:        https://github.com/bioconductor-source/sevenbridges/security/secret-scanning/unblock-secret/3GSN3iYUPeOjTugQjKTwInm9VfM        
remote:             
remote:             
remote:       —— Amazon AWS Secret Access Key ——————————————————————        
remote:        locations:        
remote:          - commit: 068ce845cbf3dad7aee2331970f133f17b4c92d9        
remote:            path: docs/articles/api.html:1890        
remote:          - commit: eabb1a805a81ba7677b55aa2d1aeb8502a5c1401        
remote:            path: docs/articles/api.html:1909        
remote:          - commit: d6951e451eb15764a62b875296a69031bc8bdd36        
remote:            path: vignettes/api.Rmd:1334        
remote:          - commit: 710b864ffd85af247a4010a279d9383737a2cf01        
remote:            path: vignettes/api.Rmd:1902        
remote:          - commit: b1111e4db1040a6b44a4a727abd5877fddee0222        
remote:            path: vignettes/api.Rmd:1966        
remote:             
remote:        (?) To push, remove secret from commit(s) or follow this URL to allow the secret.        
remote:        https://github.com/bioconductor-source/sevenbridges/security/secret-scanning/unblock-secret/3GSN3kgLIEax2Mc4EzDIvAUzGud        
remote:             
remote: 
remote: 
remote: error: GH013: Repository rule violations found for refs/heads/RELEASE_3_15.        
remote: 
remote: - GITHUB PUSH PROTECTION        
remote:   —————————————————————————————————————————        
remote:     Resolve the following violations before pushing again        
remote: 
remote:     - Push cannot contain secrets        
remote: 
remote:             
remote:      (?) Learn how to resolve a blocked push        
remote:      https://docs.github.com/code-security/secret-scanning/working-with-secret-scanning-and-push-protection/working-with-push-protection-from-the-command-line#resolving-a-blocked-push        
remote:             
remote:      (?) This repository does not have Secret Scanning enabled, but is eligible. Enable Secret Scanning to view and manage detected secrets.        
remote:      Visit the repository settings page, https://github.com/bioconductor-source/sevenbridges/settings/security_analysis        
remote:             
remote:             
remote:       —— Amazon AWS Access Key ID ——————————————————————————        
remote:        locations:        
remote:          - commit: 068ce845cbf3dad7aee2331970f133f17b4c92d9        
remote:            path: docs/articles/api.html:1889        
remote:          - commit: eabb1a805a81ba7677b55aa2d1aeb8502a5c1401        
remote:            path: docs/articles/api.html:1908        
remote:          - commit: d6951e451eb15764a62b875296a69031bc8bdd36        
remote:            path: vignettes/api.Rmd:1333        
remote:          - commit: 710b864ffd85af247a4010a279d9383737a2cf01        
remote:            path: vignettes/api.Rmd:1901        
remote:          - commit: b1111e4db1040a6b44a4a727abd5877fddee0222        
remote:            path: vignettes/api.Rmd:1965        
remote:             
remote:        (?) To push, remove secret from commit(s) or follow this URL to allow the secret.        
remote:        https://github.com/bioconductor-source/sevenbridges/security/secret-scanning/unblock-secret/3GSN3iYUPeOjTugQjKTwInm9VfM        
remote:             
remote:             
remote:       —— Amazon AWS Secret Access Key ——————————————————————        
remote:        locations:        
remote:          - commit: 068ce845cbf3dad7aee2331970f133f17b4c92d9        
remote:            path: docs/articles/api.html:1890        
remote:          - commit: eabb1a805a81ba7677b55aa2d1aeb8502a5c1401        
remote:            path: docs/articles/api.html:1909        
remote:          - commit: d6951e451eb15764a62b875296a69031bc8bdd36        
remote:            path: vignettes/api.Rmd:1334        
remote:          - commit: 710b864ffd85af247a4010a279d9383737a2cf01        
remote:            path: vignettes/api.Rmd:1902        
remote:          - commit: b1111e4db1040a6b44a4a727abd5877fddee0222        
remote:            path: vignettes/api.Rmd:1966        
remote:             
remote:        (?) To push, remove secret from commit(s) or follow this URL to allow the secret.        
remote:        https://github.com/bioconductor-source/sevenbridges/security/secret-scanning/unblock-secret/3GSN3kgLIEax2Mc4EzDIvAUzGud        
remote:             
remote: 
remote: 
remote: error: GH013: Repository rule violations found for refs/heads/RELEASE_3_16.        
remote: 
remote: - GITHUB PUSH PROTECTION        
remote:   —————————————————————————————————————————        
remote:     Resolve the following violations before pushing again        
remote: 
remote:     - Push cannot contain secrets        
remote: 
remote:             
remote:      (?) Learn how to resolve a blocked push        
remote:      https://docs.github.com/code-security/secret-scanning/working-with-secret-scanning-and-push-protection/working-with-push-protection-from-the-command-line#resolving-a-blocked-push        
remote:             
remote:      (?) This repository does not have Secret Scanning enabled, but is eligible. Enable Secret Scanning to view and manage detected secrets.        
remote:      Visit the repository settings page, https://github.com/bioconductor-source/sevenbridges/settings/security_analysis        
remote:             
remote:             
remote:       —— Amazon AWS Access Key ID ——————————————————————————        
remote:        locations:        
remote:          - commit: 068ce845cbf3dad7aee2331970f133f17b4c92d9        
remote:            path: docs/articles/api.html:1889        
remote:          - commit: eabb1a805a81ba7677b55aa2d1aeb8502a5c1401        
remote:            path: docs/articles/api.html:1908        
remote:          - commit: d6951e451eb15764a62b875296a69031bc8bdd36        
remote:            path: vignettes/api.Rmd:1333        
remote:          - commit: 710b864ffd85af247a4010a279d9383737a2cf01        
remote:            path: vignettes/api.Rmd:1901        
remote:          - commit: b1111e4db1040a6b44a4a727abd5877fddee0222        
remote:            path: vignettes/api.Rmd:1965        
remote:             
remote:        (?) To push, remove secret from commit(s) or follow this URL to allow the secret.        
remote:        https://github.com/bioconductor-source/sevenbridges/security/secret-scanning/unblock-secret/3GSN3iYUPeOjTugQjKTwInm9VfM        
remote:             
remote:             
remote:       —— Amazon AWS Secret Access Key ——————————————————————        
remote:        locations:        
remote:          - commit: 068ce845cbf3dad7aee2331970f133f17b4c92d9        
remote:            path: docs/articles/api.html:1890        
remote:          - commit: eabb1a805a81ba7677b55aa2d1aeb8502a5c1401        
remote:            path: docs/articles/api.html:1909        
remote:          - commit: d6951e451eb15764a62b875296a69031bc8bdd36        
remote:            path: vignettes/api.Rmd:1334        
remote:          - commit: 710b864ffd85af247a4010a279d9383737a2cf01        
remote:            path: vignettes/api.Rmd:1902        
remote:          - commit: b1111e4db1040a6b44a4a727abd5877fddee0222        
remote:            path: vignettes/api.Rmd:1966        
remote:             
remote:        (?) To push, remove secret from commit(s) or follow this URL to allow the secret.        
remote:        https://github.com/bioconductor-source/sevenbridges/security/secret-scanning/unblock-secret/3GSN3kgLIEax2Mc4EzDIvAUzGud        
remote:             
remote: 
remote: 
remote: error: GH013: Repository rule violations found for refs/heads/RELEASE_3_17.        
remote: 
remote: - GITHUB PUSH PROTECTION        
remote:   —————————————————————————————————————————        
remote:     Resolve the following violations before pushing again        
remote: 
remote:     - Push cannot contain secrets        
remote: 
remote:             
remote:      (?) Learn how to resolve a blocked push        
remote:      https://docs.github.com/code-security/secret-scanning/working-with-secret-scanning-and-push-protection/working-with-push-protection-from-the-command-line#resolving-a-blocked-push        
remote:             
remote:      (?) This repository does not have Secret Scanning enabled, but is eligible. Enable Secret Scanning to view and manage detected secrets.        
remote:      Visit the repository settings page, https://github.com/bioconductor-source/sevenbridges/settings/security_analysis        
remote:             
remote:             
remote:       —— Amazon AWS Access Key ID ——————————————————————————        
remote:        locations:        
remote:          - commit: 068ce845cbf3dad7aee2331970f133f17b4c92d9        
remote:            path: docs/articles/api.html:1889        
remote:          - commit: eabb1a805a81ba7677b55aa2d1aeb8502a5c1401        
remote:            path: docs/articles/api.html:1908        
remote:          - commit: d6951e451eb15764a62b875296a69031bc8bdd36        
remote:            path: vignettes/api.Rmd:1333        
remote:          - commit: 710b864ffd85af247a4010a279d9383737a2cf01        
remote:            path: vignettes/api.Rmd:1901        
remote:          - commit: b1111e4db1040a6b44a4a727abd5877fddee0222        
remote:            path: vignettes/api.Rmd:1965        
remote:             
remote:        (?) To push, remove secret from commit(s) or follow this URL to allow the secret.        
remote:        https://github.com/bioconductor-source/sevenbridges/security/secret-scanning/unblock-secret/3GSN3iYUPeOjTugQjKTwInm9VfM        
remote:             
remote:             
remote:       —— Amazon AWS Secret Access Key ——————————————————————        
remote:        locations:        
remote:          - commit: 068ce845cbf3dad7aee2331970f133f17b4c92d9        
remote:            path: docs/articles/api.html:1890        
remote:          - commit: eabb1a805a81ba7677b55aa2d1aeb8502a5c1401        
remote:            path: docs/articles/api.html:1909        
remote:          - commit: d6951e451eb15764a62b875296a69031bc8bdd36        
remote:            path: vignettes/api.Rmd:1334        
remote:          - commit: 710b864ffd85af247a4010a279d9383737a2cf01        
remote:            path: vignettes/api.Rmd:1902        
remote:          - commit: b1111e4db1040a6b44a4a727abd5877fddee0222        
remote:            path: vignettes/api.Rmd:1966        
remote:             
remote:        (?) To push, remove secret from commit(s) or follow this URL to allow the secret.        
remote:        https://github.com/bioconductor-source/sevenbridges/security/secret-scanning/unblock-secret/3GSN3kgLIEax2Mc4EzDIvAUzGud        
remote:             
remote: 
remote: 
remote: error: GH013: Repository rule violations found for refs/heads/RELEASE_3_18.        
remote: 
remote: - GITHUB PUSH PROTECTION        
remote:   —————————————————————————————————————————        
remote:     Resolve the following violations before pushing again        
remote: 
remote:     - Push cannot contain secrets        
remote: 
remote:             
remote:      (?) Learn how to resolve a blocked push        
remote:      https://docs.github.com/code-security/secret-scanning/working-with-secret-scanning-and-push-protection/working-with-push-protection-from-the-command-line#resolving-a-blocked-push        
remote:             
remote:      (?) This repository does not have Secret Scanning enabled, but is eligible. Enable Secret Scanning to view and manage detected secrets.        
remote:      Visit the repository settings page, https://github.com/bioconductor-source/sevenbridges/settings/security_analysis        
remote:             
remote:             
remote:       —— Amazon AWS Access Key ID ——————————————————————————        
remote:        locations:        
remote:          - commit: 068ce845cbf3dad7aee2331970f133f17b4c92d9        
remote:            path: docs/articles/api.html:1889        
remote:          - commit: eabb1a805a81ba7677b55aa2d1aeb8502a5c1401        
remote:            path: docs/articles/api.html:1908        
remote:          - commit: d6951e451eb15764a62b875296a69031bc8bdd36        
remote:            path: vignettes/api.Rmd:1333        
remote:          - commit: 710b864ffd85af247a4010a279d9383737a2cf01        
remote:            path: vignettes/api.Rmd:1901        
remote:          - commit: b1111e4db1040a6b44a4a727abd5877fddee0222        
remote:            path: vignettes/api.Rmd:1965        
remote:             
remote:        (?) To push, remove secret from commit(s) or follow this URL to allow the secret.        
remote:        https://github.com/bioconductor-source/sevenbridges/security/secret-scanning/unblock-secret/3GSN3iYUPeOjTugQjKTwInm9VfM        
remote:             
remote:             
remote:       —— Amazon AWS Secret Access Key ——————————————————————        
remote:        locations:        
remote:          - commit: 068ce845cbf3dad7aee2331970f133f17b4c92d9        
remote:            path: docs/articles/api.html:1890        
remote:          - commit: eabb1a805a81ba7677b55aa2d1aeb8502a5c1401        
remote:            path: docs/articles/api.html:1909        
remote:          - commit: d6951e451eb15764a62b875296a69031bc8bdd36        
remote:            path: vignettes/api.Rmd:1334        
remote:          - commit: 710b864ffd85af247a4010a279d9383737a2cf01        
remote:            path: vignettes/api.Rmd:1902        
remote:          - commit: b1111e4db1040a6b44a4a727abd5877fddee0222        
remote:            path: vignettes/api.Rmd:1966        
remote:             
remote:        (?) To push, remove secret from commit(s) or follow this URL to allow the secret.        
remote:        https://github.com/bioconductor-source/sevenbridges/security/secret-scanning/unblock-secret/3GSN3kgLIEax2Mc4EzDIvAUzGud        
remote:             
remote: 
remote: 
remote: error: GH013: Repository rule violations found for refs/heads/RELEASE_3_19.        
remote: 
remote: - GITHUB PUSH PROTECTION        
remote:   —————————————————————————————————————————        
remote:     Resolve the following violations before pushing again        
remote: 
remote:     - Push cannot contain secrets        
remote: 
remote:             
remote:      (?) Learn how to resolve a blocked push        
remote:      https://docs.github.com/code-security/secret-scanning/working-with-secret-scanning-and-push-protection/working-with-push-protection-from-the-command-line#resolving-a-blocked-push        
remote:             
remote:      (?) This repository does not have Secret Scanning enabled, but is eligible. Enable Secret Scanning to view and manage detected secrets.        
remote:      Visit the repository settings page, https://github.com/bioconductor-source/sevenbridges/settings/security_analysis        
remote:             
remote:             
remote:       —— Amazon AWS Access Key ID ——————————————————————————        
remote:        locations:        
remote:          - commit: 068ce845cbf3dad7aee2331970f133f17b4c92d9        
remote:            path: docs/articles/api.html:1889        
remote:          - commit: eabb1a805a81ba7677b55aa2d1aeb8502a5c1401        
remote:            path: docs/articles/api.html:1908        
remote:          - commit: d6951e451eb15764a62b875296a69031bc8bdd36        
remote:            path: vignettes/api.Rmd:1333        
remote:          - commit: 710b864ffd85af247a4010a279d9383737a2cf01        
remote:            path: vignettes/api.Rmd:1901        
remote:          - commit: b1111e4db1040a6b44a4a727abd5877fddee0222        
remote:            path: vignettes/api.Rmd:1965        
remote:             
remote:        (?) To push, remove secret from commit(s) or follow this URL to allow the secret.        
remote:        https://github.com/bioconductor-source/sevenbridges/security/secret-scanning/unblock-secret/3GSN3iYUPeOjTugQjKTwInm9VfM        
remote:             
remote:             
remote:       —— Amazon AWS Secret Access Key ——————————————————————        
remote:        locations:        
remote:          - commit: 068ce845cbf3dad7aee2331970f133f17b4c92d9        
remote:            path: docs/articles/api.html:1890        
remote:          - commit: eabb1a805a81ba7677b55aa2d1aeb8502a5c1401        
remote:            path: docs/articles/api.html:1909        
remote:          - commit: d6951e451eb15764a62b875296a69031bc8bdd36        
remote:            path: vignettes/api.Rmd:1334        
remote:          - commit: 710b864ffd85af247a4010a279d9383737a2cf01        
remote:            path: vignettes/api.Rmd:1902        
remote:          - commit: b1111e4db1040a6b44a4a727abd5877fddee0222        
remote:            path: vignettes/api.Rmd:1966        
remote:             
remote:        (?) To push, remove secret from commit(s) or follow this URL to allow the secret.        
remote:        https://github.com/bioconductor-source/sevenbridges/security/secret-scanning/unblock-secret/3GSN3kgLIEax2Mc4EzDIvAUzGud        
remote:             
remote: 
remote: 
remote: error: GH013: Repository rule violations found for refs/heads/RELEASE_3_20.        
remote: 
remote: - GITHUB PUSH PROTECTION        
remote:   —————————————————————————————————————————        
remote:     Resolve the following violations before pushing again        
remote: 
remote:     - Push cannot contain secrets        
remote: 
remote:             
remote:      (?) Learn how to resolve a blocked push        
remote:      https://docs.github.com/code-security/secret-scanning/working-with-secret-scanning-and-push-protection/working-with-push-protection-from-the-command-line#resolving-a-blocked-push        
remote:             
remote:      (?) This repository does not have Secret Scanning enabled, but is eligible. Enable Secret Scanning to view and manage detected secrets.        
remote:      Visit the repository settings page, https://github.com/bioconductor-source/sevenbridges/settings/security_analysis        
remote:             
remote:             
remote:       —— Amazon AWS Access Key ID ——————————————————————————        
remote:        locations:        
remote:          - commit: 068ce845cbf3dad7aee2331970f133f17b4c92d9        
remote:            path: docs/articles/api.html:1889        
remote:          - commit: eabb1a805a81ba7677b55aa2d1aeb8502a5c1401        
remote:            path: docs/articles/api.html:1908        
remote:          - commit: d6951e451eb15764a62b875296a69031bc8bdd36        
remote:            path: vignettes/api.Rmd:1333        
remote:          - commit: 710b864ffd85af247a4010a279d9383737a2cf01        
remote:            path: vignettes/api.Rmd:1901        
remote:          - commit: b1111e4db1040a6b44a4a727abd5877fddee0222        
remote:            path: vignettes/api.Rmd:1965        
remote:             
remote:        (?) To push, remove secret from commit(s) or follow this URL to allow the secret.        
remote:        https://github.com/bioconductor-source/sevenbridges/security/secret-scanning/unblock-secret/3GSN3iYUPeOjTugQjKTwInm9VfM        
remote:             
remote:             
remote:       —— Amazon AWS Secret Access Key ——————————————————————        
remote:        locations:        
remote:          - commit: 068ce845cbf3dad7aee2331970f133f17b4c92d9        
remote:            path: docs/articles/api.html:1890        
remote:          - commit: eabb1a805a81ba7677b55aa2d1aeb8502a5c1401        
remote:            path: docs/articles/api.html:1909        
remote:          - commit: d6951e451eb15764a62b875296a69031bc8bdd36        
remote:            path: vignettes/api.Rmd:1334        
remote:          - commit: 710b864ffd85af247a4010a279d9383737a2cf01        
remote:            path: vignettes/api.Rmd:1902        
remote:          - commit: b1111e4db1040a6b44a4a727abd5877fddee0222        
remote:            path: vignettes/api.Rmd:1966        
remote:             
remote:        (?) To push, remove secret from commit(s) or follow this URL to allow the secret.        
remote:        https://github.com/bioconductor-source/sevenbridges/security/secret-scanning/unblock-secret/3GSN3kgLIEax2Mc4EzDIvAUzGud        
remote:             
remote: 
remote: 
remote: error: GH013: Repository rule violations found for refs/heads/RELEASE_3_21.        
remote: 
remote: - GITHUB PUSH PROTECTION        
remote:   —————————————————————————————————————————        
remote:     Resolve the following violations before pushing again        
remote: 
remote:     - Push cannot contain secrets        
remote: 
remote:             
remote:      (?) Learn how to resolve a blocked push        
remote:      https://docs.github.com/code-security/secret-scanning/working-with-secret-scanning-and-push-protection/working-with-push-protection-from-the-command-line#resolving-a-blocked-push        
remote:             
remote:      (?) This repository does not have Secret Scanning enabled, but is eligible. Enable Secret Scanning to view and manage detected secrets.        
remote:      Visit the repository settings page, https://github.com/bioconductor-source/sevenbridges/settings/security_analysis        
remote:             
remote:             
remote:       —— Amazon AWS Access Key ID ——————————————————————————        
remote:        locations:        
remote:          - commit: 068ce845cbf3dad7aee2331970f133f17b4c92d9        
remote:            path: docs/articles/api.html:1889        
remote:          - commit: eabb1a805a81ba7677b55aa2d1aeb8502a5c1401        
remote:            path: docs/articles/api.html:1908        
remote:          - commit: d6951e451eb15764a62b875296a69031bc8bdd36        
remote:            path: vignettes/api.Rmd:1333        
remote:          - commit: 710b864ffd85af247a4010a279d9383737a2cf01        
remote:            path: vignettes/api.Rmd:1901        
remote:          - commit: b1111e4db1040a6b44a4a727abd5877fddee0222        
remote:            path: vignettes/api.Rmd:1965        
remote:             
remote:        (?) To push, remove secret from commit(s) or follow this URL to allow the secret.        
remote:        https://github.com/bioconductor-source/sevenbridges/security/secret-scanning/unblock-secret/3GSN3iYUPeOjTugQjKTwInm9VfM        
remote:             
remote:             
remote:       —— Amazon AWS Secret Access Key ——————————————————————        
remote:        locations:        
remote:          - commit: 068ce845cbf3dad7aee2331970f133f17b4c92d9        
remote:            path: docs/articles/api.html:1890        
remote:          - commit: eabb1a805a81ba7677b55aa2d1aeb8502a5c1401        
remote:            path: docs/articles/api.html:1909        
remote:          - commit: d6951e451eb15764a62b875296a69031bc8bdd36        
remote:            path: vignettes/api.Rmd:1334        
remote:          - commit: 710b864ffd85af247a4010a279d9383737a2cf01        
remote:            path: vignettes/api.Rmd:1902        
remote:          - commit: b1111e4db1040a6b44a4a727abd5877fddee0222        
remote:            path: vignettes/api.Rmd:1966        
remote:             
remote:        (?) To push, remove secret from commit(s) or follow this URL to allow the secret.        
remote:        https://github.com/bioconductor-source/sevenbridges/security/secret-scanning/unblock-secret/3GSN3kgLIEax2Mc4EzDIvAUzGud        
remote:             
remote: 
remote: 
remote: error: GH013: Repository rule violations found for refs/heads/RELEASE_3_22.        
remote: 
remote: - GITHUB PUSH PROTECTION        
remote:   —————————————————————————————————————————        
remote:     Resolve the following violations before pushing again        
remote: 
remote:     - Push cannot contain secrets        
remote: 
remote:             
remote:      (?) Learn how to resolve a blocked push        
remote:      https://docs.github.com/code-security/secret-scanning/working-with-secret-scanning-and-push-protection/working-with-push-protection-from-the-command-line#resolving-a-blocked-push        
remote:             
remote:      (?) This repository does not have Secret Scanning enabled, but is eligible. Enable Secret Scanning to view and manage detected secrets.        
remote:      Visit the repository settings page, https://github.com/bioconductor-source/sevenbridges/settings/security_analysis        
remote:             
remote:             
remote:       —— Amazon AWS Access Key ID ——————————————————————————        
remote:        locations:        
remote:          - commit: 068ce845cbf3dad7aee2331970f133f17b4c92d9        
remote:            path: docs/articles/api.html:1889        
remote:          - commit: eabb1a805a81ba7677b55aa2d1aeb8502a5c1401        
remote:            path: docs/articles/api.html:1908        
remote:          - commit: d6951e451eb15764a62b875296a69031bc8bdd36        
remote:            path: vignettes/api.Rmd:1333        
remote:          - commit: 710b864ffd85af247a4010a279d9383737a2cf01        
remote:            path: vignettes/api.Rmd:1901        
remote:          - commit: b1111e4db1040a6b44a4a727abd5877fddee0222        
remote:            path: vignettes/api.Rmd:1965        
remote:             
remote:        (?) To push, remove secret from commit(s) or follow this URL to allow the secret.        
remote:        https://github.com/bioconductor-source/sevenbridges/security/secret-scanning/unblock-secret/3GSN3iYUPeOjTugQjKTwInm9VfM        
remote:             
remote:             
remote:       —— Amazon AWS Secret Access Key ——————————————————————        
remote:        locations:        
remote:          - commit: 068ce845cbf3dad7aee2331970f133f17b4c92d9        
remote:            path: docs/articles/api.html:1890        
remote:          - commit: eabb1a805a81ba7677b55aa2d1aeb8502a5c1401        
remote:            path: docs/articles/api.html:1909        
remote:          - commit: d6951e451eb15764a62b875296a69031bc8bdd36        
remote:            path: vignettes/api.Rmd:1334        
remote:          - commit: 710b864ffd85af247a4010a279d9383737a2cf01        
remote:            path: vignettes/api.Rmd:1902        
remote:          - commit: b1111e4db1040a6b44a4a727abd5877fddee0222        
remote:            path: vignettes/api.Rmd:1966        
remote:             
remote:        (?) To push, remove secret from commit(s) or follow this URL to allow the secret.        
remote:        https://github.com/bioconductor-source/sevenbridges/security/secret-scanning/unblock-secret/3GSN3kgLIEax2Mc4EzDIvAUzGud        
remote:             
remote: 
remote: 
remote: error: GH013: Repository rule violations found for refs/heads/RELEASE_3_23.        
remote: 
remote: - GITHUB PUSH PROTECTION        
remote:   —————————————————————————————————————————        
remote:     Resolve the following violations before pushing again        
remote: 
remote:     - Push cannot contain secrets        
remote: 
remote:             
remote:      (?) Learn how to resolve a blocked push        
remote:      https://docs.github.com/code-security/secret-scanning/working-with-secret-scanning-and-push-protection/working-with-push-protection-from-the-command-line#resolving-a-blocked-push        
remote:             
remote:      (?) This repository does not have Secret Scanning enabled, but is eligible. Enable Secret Scanning to view and manage detected secrets.        
remote:      Visit the repository settings page, https://github.com/bioconductor-source/sevenbridges/settings/security_analysis        
remote:             
remote:             
remote:       —— Amazon AWS Access Key ID ——————————————————————————        
remote:        locations:        
remote:          - commit: 068ce845cbf3dad7aee2331970f133f17b4c92d9        
remote:            path: docs/articles/api.html:1889        
remote:          - commit: eabb1a805a81ba7677b55aa2d1aeb8502a5c1401        
remote:            path: docs/articles/api.html:1908        
remote:          - commit: d6951e451eb15764a62b875296a69031bc8bdd36        
remote:            path: vignettes/api.Rmd:1333        
remote:          - commit: 710b864ffd85af247a4010a279d9383737a2cf01        
remote:            path: vignettes/api.Rmd:1901        
remote:          - commit: b1111e4db1040a6b44a4a727abd5877fddee0222        
remote:            path: vignettes/api.Rmd:1965        
remote:             
remote:        (?) To push, remove secret from commit(s) or follow this URL to allow the secret.        
remote:        https://github.com/bioconductor-source/sevenbridges/security/secret-scanning/unblock-secret/3GSN3iYUPeOjTugQjKTwInm9VfM        
remote:             
remote:             
remote:       —— Amazon AWS Secret Access Key ——————————————————————        
remote:        locations:        
remote:          - commit: 068ce845cbf3dad7aee2331970f133f17b4c92d9        
remote:            path: docs/articles/api.html:1890        
remote:          - commit: eabb1a805a81ba7677b55aa2d1aeb8502a5c1401        
remote:            path: docs/articles/api.html:1909        
remote:          - commit: d6951e451eb15764a62b875296a69031bc8bdd36        
remote:            path: vignettes/api.Rmd:1334        
remote:          - commit: 710b864ffd85af247a4010a279d9383737a2cf01        
remote:            path: vignettes/api.Rmd:1902        
remote:          - commit: b1111e4db1040a6b44a4a727abd5877fddee0222        
remote:            path: vignettes/api.Rmd:1966        
remote:             
remote:        (?) To push, remove secret from commit(s) or follow this URL to allow the secret.        
remote:        https://github.com/bioconductor-source/sevenbridges/security/secret-scanning/unblock-secret/3GSN3kgLIEax2Mc4EzDIvAUzGud        
remote:             
remote: 
remote: 
remote: error: GH013: Repository rule violations found for refs/heads/RELEASE_3_3.        
remote: 
remote: - GITHUB PUSH PROTECTION        
remote:   —————————————————————————————————————————        
remote:     Resolve the following violations before pushing again        
remote: 
remote:     - Push cannot contain secrets        
remote: 
remote:             
remote:      (?) Learn how to resolve a blocked push        
remote:      https://docs.github.com/code-security/secret-scanning/working-with-secret-scanning-and-push-protection/working-with-push-protection-from-the-command-line#resolving-a-blocked-push        
remote:             
remote:      (?) This repository does not have Secret Scanning enabled, but is eligible. Enable Secret Scanning to view and manage detected secrets.        
remote:      Visit the repository settings page, https://github.com/bioconductor-source/sevenbridges/settings/security_analysis        
remote:             
remote:             
remote:       —— Amazon AWS Access Key ID ——————————————————————————        
remote:        locations:        
remote:          - commit: 068ce845cbf3dad7aee2331970f133f17b4c92d9        
remote:            path: docs/articles/api.html:1889        
remote:          - commit: eabb1a805a81ba7677b55aa2d1aeb8502a5c1401        
remote:            path: docs/articles/api.html:1908        
remote:          - commit: d6951e451eb15764a62b875296a69031bc8bdd36        
remote:            path: vignettes/api.Rmd:1333        
remote:          - commit: 710b864ffd85af247a4010a279d9383737a2cf01        
remote:            path: vignettes/api.Rmd:1901        
remote:          - commit: b1111e4db1040a6b44a4a727abd5877fddee0222        
remote:            path: vignettes/api.Rmd:1965        
remote:             
remote:        (?) To push, remove secret from commit(s) or follow this URL to allow the secret.        
remote:        https://github.com/bioconductor-source/sevenbridges/security/secret-scanning/unblock-secret/3GSN3iYUPeOjTugQjKTwInm9VfM        
remote:             
remote:             
remote:       —— Amazon AWS Secret Access Key ——————————————————————        
remote:        locations:        
remote:          - commit: 068ce845cbf3dad7aee2331970f133f17b4c92d9        
remote:            path: docs/articles/api.html:1890        
remote:          - commit: eabb1a805a81ba7677b55aa2d1aeb8502a5c1401        
remote:            path: docs/articles/api.html:1909        
remote:          - commit: d6951e451eb15764a62b875296a69031bc8bdd36        
remote:            path: vignettes/api.Rmd:1334        
remote:          - commit: 710b864ffd85af247a4010a279d9383737a2cf01        
remote:            path: vignettes/api.Rmd:1902        
remote:          - commit: b1111e4db1040a6b44a4a727abd5877fddee0222        
remote:            path: vignettes/api.Rmd:1966        
remote:             
remote:        (?) To push, remove secret from commit(s) or follow this URL to allow the secret.        
remote:        https://github.com/bioconductor-source/sevenbridges/security/secret-scanning/unblock-secret/3GSN3kgLIEax2Mc4EzDIvAUzGud        
remote:             
remote: 
remote: 
remote: error: GH013: Repository rule violations found for refs/heads/RELEASE_3_4.        
remote: 
remote: - GITHUB PUSH PROTECTION        
remote:   —————————————————————————————————————————        
remote:     Resolve the following violations before pushing again        
remote: 
remote:     - Push cannot contain secrets        
remote: 
remote:             
remote:      (?) Learn how to resolve a blocked push        
remote:      https://docs.github.com/code-security/secret-scanning/working-with-secret-scanning-and-push-protection/working-with-push-protection-from-the-command-line#resolving-a-blocked-push        
remote:             
remote:      (?) This repository does not have Secret Scanning enabled, but is eligible. Enable Secret Scanning to view and manage detected secrets.        
remote:      Visit the repository settings page, https://github.com/bioconductor-source/sevenbridges/settings/security_analysis        
remote:             
remote:             
remote:       —— Amazon AWS Access Key ID ——————————————————————————        
remote:        locations:        
remote:          - commit: 068ce845cbf3dad7aee2331970f133f17b4c92d9        
remote:            path: docs/articles/api.html:1889        
remote:          - commit: eabb1a805a81ba7677b55aa2d1aeb8502a5c1401        
remote:            path: docs/articles/api.html:1908        
remote:          - commit: d6951e451eb15764a62b875296a69031bc8bdd36        
remote:            path: vignettes/api.Rmd:1333        
remote:          - commit: 710b864ffd85af247a4010a279d9383737a2cf01        
remote:            path: vignettes/api.Rmd:1901        
remote:          - commit: b1111e4db1040a6b44a4a727abd5877fddee0222        
remote:            path: vignettes/api.Rmd:1965        
remote:             
remote:        (?) To push, remove secret from commit(s) or follow this URL to allow the secret.        
remote:        https://github.com/bioconductor-source/sevenbridges/security/secret-scanning/unblock-secret/3GSN3iYUPeOjTugQjKTwInm9VfM        
remote:             
remote:             
remote:       —— Amazon AWS Secret Access Key ——————————————————————        
remote:        locations:        
remote:          - commit: 068ce845cbf3dad7aee2331970f133f17b4c92d9        
remote:            path: docs/articles/api.html:1890        
remote:          - commit: eabb1a805a81ba7677b55aa2d1aeb8502a5c1401        
remote:            path: docs/articles/api.html:1909        
remote:          - commit: d6951e451eb15764a62b875296a69031bc8bdd36        
remote:            path: vignettes/api.Rmd:1334        
remote:          - commit: 710b864ffd85af247a4010a279d9383737a2cf01        
remote:            path: vignettes/api.Rmd:1902        
remote:          - commit: b1111e4db1040a6b44a4a727abd5877fddee0222        
remote:            path: vignettes/api.Rmd:1966        
remote:             
remote:        (?) To push, remove secret from commit(s) or follow this URL to allow the secret.        
remote:        https://github.com/bioconductor-source/sevenbridges/security/secret-scanning/unblock-secret/3GSN3kgLIEax2Mc4EzDIvAUzGud        
remote:             
remote: 
remote: 
remote: error: GH013: Repository rule violations found for refs/heads/RELEASE_3_5.        
remote: 
remote: - GITHUB PUSH PROTECTION        
remote:   —————————————————————————————————————————        
remote:     Resolve the following violations before pushing again        
remote: 
remote:     - Push cannot contain secrets        
remote: 
remote:             
remote:      (?) Learn how to resolve a blocked push        
remote:      https://docs.github.com/code-security/secret-scanning/working-with-secret-scanning-and-push-protection/working-with-push-protection-from-the-command-line#resolving-a-blocked-push        
remote:             
remote:      (?) This repository does not have Secret Scanning enabled, but is eligible. Enable Secret Scanning to view and manage detected secrets.        
remote:      Visit the repository settings page, https://github.com/bioconductor-source/sevenbridges/settings/security_analysis        
remote:             
remote:             
remote:       —— Amazon AWS Access Key ID ——————————————————————————        
remote:        locations:        
remote:          - commit: 068ce845cbf3dad7aee2331970f133f17b4c92d9        
remote:            path: docs/articles/api.html:1889        
remote:          - commit: eabb1a805a81ba7677b55aa2d1aeb8502a5c1401        
remote:            path: docs/articles/api.html:1908        
remote:          - commit: d6951e451eb15764a62b875296a69031bc8bdd36        
remote:            path: vignettes/api.Rmd:1333        
remote:          - commit: 710b864ffd85af247a4010a279d9383737a2cf01        
remote:            path: vignettes/api.Rmd:1901        
remote:          - commit: b1111e4db1040a6b44a4a727abd5877fddee0222        
remote:            path: vignettes/api.Rmd:1965        
remote:             
remote:        (?) To push, remove secret from commit(s) or follow this URL to allow the secret.        
remote:        https://github.com/bioconductor-source/sevenbridges/security/secret-scanning/unblock-secret/3GSN3iYUPeOjTugQjKTwInm9VfM        
remote:             
remote:             
remote:       —— Amazon AWS Secret Access Key ——————————————————————        
remote:        locations:        
remote:          - commit: 068ce845cbf3dad7aee2331970f133f17b4c92d9        
remote:            path: docs/articles/api.html:1890        
remote:          - commit: eabb1a805a81ba7677b55aa2d1aeb8502a5c1401        
remote:            path: docs/articles/api.html:1909        
remote:          - commit: d6951e451eb15764a62b875296a69031bc8bdd36        
remote:            path: vignettes/api.Rmd:1334        
remote:          - commit: 710b864ffd85af247a4010a279d9383737a2cf01        
remote:            path: vignettes/api.Rmd:1902        
remote:          - commit: b1111e4db1040a6b44a4a727abd5877fddee0222        
remote:            path: vignettes/api.Rmd:1966        
remote:             
remote:        (?) To push, remove secret from commit(s) or follow this URL to allow the secret.        
remote:        https://github.com/bioconductor-source/sevenbridges/security/secret-scanning/unblock-secret/3GSN3kgLIEax2Mc4EzDIvAUzGud        
remote:             
remote: 
remote: 
remote: error: GH013: Repository rule violations found for refs/heads/RELEASE_3_6.        
remote: 
remote: - GITHUB PUSH PROTECTION        
remote:   —————————————————————————————————————————        
remote:     Resolve the following violations before pushing again        
remote: 
remote:     - Push cannot contain secrets        
remote: 
remote:             
remote:      (?) Learn how to resolve a blocked push        
remote:      https://docs.github.com/code-security/secret-scanning/working-with-secret-scanning-and-push-protection/working-with-push-protection-from-the-command-line#resolving-a-blocked-push        
remote:             
remote:      (?) This repository does not have Secret Scanning enabled, but is eligible. Enable Secret Scanning to view and manage detected secrets.        
remote:      Visit the repository settings page, https://github.com/bioconductor-source/sevenbridges/settings/security_analysis        
remote:             
remote:             
remote:       —— Amazon AWS Access Key ID ——————————————————————————        
remote:        locations:        
remote:          - commit: 068ce845cbf3dad7aee2331970f133f17b4c92d9        
remote:            path: docs/articles/api.html:1889        
remote:          - commit: eabb1a805a81ba7677b55aa2d1aeb8502a5c1401        
remote:            path: docs/articles/api.html:1908        
remote:          - commit: d6951e451eb15764a62b875296a69031bc8bdd36        
remote:            path: vignettes/api.Rmd:1333        
remote:          - commit: 710b864ffd85af247a4010a279d9383737a2cf01        
remote:            path: vignettes/api.Rmd:1901        
remote:          - commit: b1111e4db1040a6b44a4a727abd5877fddee0222        
remote:            path: vignettes/api.Rmd:1965        
remote:             
remote:        (?) To push, remove secret from commit(s) or follow this URL to allow the secret.        
remote:        https://github.com/bioconductor-source/sevenbridges/security/secret-scanning/unblock-secret/3GSN3iYUPeOjTugQjKTwInm9VfM        
remote:             
remote:             
remote:       —— Amazon AWS Secret Access Key ——————————————————————        
remote:        locations:        
remote:          - commit: 068ce845cbf3dad7aee2331970f133f17b4c92d9        
remote:            path: docs/articles/api.html:1890        
remote:          - commit: eabb1a805a81ba7677b55aa2d1aeb8502a5c1401        
remote:            path: docs/articles/api.html:1909        
remote:          - commit: d6951e451eb15764a62b875296a69031bc8bdd36        
remote:            path: vignettes/api.Rmd:1334        
remote:          - commit: 710b864ffd85af247a4010a279d9383737a2cf01        
remote:            path: vignettes/api.Rmd:1902        
remote:          - commit: b1111e4db1040a6b44a4a727abd5877fddee0222        
remote:            path: vignettes/api.Rmd:1966        
remote:             
remote:        (?) To push, remove secret from commit(s) or follow this URL to allow the secret.        
remote:        https://github.com/bioconductor-source/sevenbridges/security/secret-scanning/unblock-secret/3GSN3kgLIEax2Mc4EzDIvAUzGud        
remote:             
remote: 
remote: 
remote: error: GH013: Repository rule violations found for refs/heads/RELEASE_3_7.        
remote: 
remote: - GITHUB PUSH PROTECTION        
remote:   —————————————————————————————————————————        
remote:     Resolve the following violations before pushing again        
remote: 
remote:     - Push cannot contain secrets        
remote: 
remote:             
remote:      (?) Learn how to resolve a blocked push        
remote:      https://docs.github.com/code-security/secret-scanning/working-with-secret-scanning-and-push-protection/working-with-push-protection-from-the-command-line#resolving-a-blocked-push        
remote:             
remote:      (?) This repository does not have Secret Scanning enabled, but is eligible. Enable Secret Scanning to view and manage detected secrets.        
remote:      Visit the repository settings page, https://github.com/bioconductor-source/sevenbridges/settings/security_analysis        
remote:             
remote:             
remote:       —— Amazon AWS Access Key ID ——————————————————————————        
remote:        locations:        
remote:          - commit: 068ce845cbf3dad7aee2331970f133f17b4c92d9        
remote:            path: docs/articles/api.html:1889        
remote:          - commit: eabb1a805a81ba7677b55aa2d1aeb8502a5c1401        
remote:            path: docs/articles/api.html:1908        
remote:          - commit: d6951e451eb15764a62b875296a69031bc8bdd36        
remote:            path: vignettes/api.Rmd:1333        
remote:          - commit: 710b864ffd85af247a4010a279d9383737a2cf01        
remote:            path: vignettes/api.Rmd:1901        
remote:          - commit: b1111e4db1040a6b44a4a727abd5877fddee0222        
remote:            path: vignettes/api.Rmd:1965        
remote:             
remote:        (?) To push, remove secret from commit(s) or follow this URL to allow the secret.        
remote:        https://github.com/bioconductor-source/sevenbridges/security/secret-scanning/unblock-secret/3GSN3iYUPeOjTugQjKTwInm9VfM        
remote:             
remote:             
remote:       —— Amazon AWS Secret Access Key ——————————————————————        
remote:        locations:        
remote:          - commit: 068ce845cbf3dad7aee2331970f133f17b4c92d9        
remote:            path: docs/articles/api.html:1890        
remote:          - commit: eabb1a805a81ba7677b55aa2d1aeb8502a5c1401        
remote:            path: docs/articles/api.html:1909        
remote:          - commit: d6951e451eb15764a62b875296a69031bc8bdd36        
remote:            path: vignettes/api.Rmd:1334        
remote:          - commit: 710b864ffd85af247a4010a279d9383737a2cf01        
remote:            path: vignettes/api.Rmd:1902        
remote:          - commit: b1111e4db1040a6b44a4a727abd5877fddee0222        
remote:            path: vignettes/api.Rmd:1966        
remote:             
remote:        (?) To push, remove secret from commit(s) or follow this URL to allow the secret.        
remote:        https://github.com/bioconductor-source/sevenbridges/security/secret-scanning/unblock-secret/3GSN3kgLIEax2Mc4EzDIvAUzGud        
remote:             
remote: 
remote: 
remote: error: GH013: Repository rule violations found for refs/heads/RELEASE_3_8.        
remote: 
remote: - GITHUB PUSH PROTECTION        
remote:   —————————————————————————————————————————        
remote:     Resolve the following violations before pushing again        
remote: 
remote:     - Push cannot contain secrets        
remote: 
remote:             
remote:      (?) Learn how to resolve a blocked push        
remote:      https://docs.github.com/code-security/secret-scanning/working-with-secret-scanning-and-push-protection/working-with-push-protection-from-the-command-line#resolving-a-blocked-push        
remote:             
remote:      (?) This repository does not have Secret Scanning enabled, but is eligible. Enable Secret Scanning to view and manage detected secrets.        
remote:      Visit the repository settings page, https://github.com/bioconductor-source/sevenbridges/settings/security_analysis        
remote:             
remote:             
remote:       —— Amazon AWS Access Key ID ——————————————————————————        
remote:        locations:        
remote:          - commit: 068ce845cbf3dad7aee2331970f133f17b4c92d9        
remote:            path: docs/articles/api.html:1889        
remote:          - commit: eabb1a805a81ba7677b55aa2d1aeb8502a5c1401        
remote:            path: docs/articles/api.html:1908        
remote:          - commit: d6951e451eb15764a62b875296a69031bc8bdd36        
remote:            path: vignettes/api.Rmd:1333        
remote:          - commit: 710b864ffd85af247a4010a279d9383737a2cf01        
remote:            path: vignettes/api.Rmd:1901        
remote:          - commit: b1111e4db1040a6b44a4a727abd5877fddee0222        
remote:            path: vignettes/api.Rmd:1965        
remote:             
remote:        (?) To push, remove secret from commit(s) or follow this URL to allow the secret.        
remote:        https://github.com/bioconductor-source/sevenbridges/security/secret-scanning/unblock-secret/3GSN3iYUPeOjTugQjKTwInm9VfM        
remote:             
remote:             
remote:       —— Amazon AWS Secret Access Key ——————————————————————        
remote:        locations:        
remote:          - commit: 068ce845cbf3dad7aee2331970f133f17b4c92d9        
remote:            path: docs/articles/api.html:1890        
remote:          - commit: eabb1a805a81ba7677b55aa2d1aeb8502a5c1401        
remote:            path: docs/articles/api.html:1909        
remote:          - commit: d6951e451eb15764a62b875296a69031bc8bdd36        
remote:            path: vignettes/api.Rmd:1334        
remote:          - commit: 710b864ffd85af247a4010a279d9383737a2cf01        
remote:            path: vignettes/api.Rmd:1902        
remote:          - commit: b1111e4db1040a6b44a4a727abd5877fddee0222        
remote:            path: vignettes/api.Rmd:1966        
remote:             
remote:        (?) To push, remove secret from commit(s) or follow this URL to allow the secret.        
remote:        https://github.com/bioconductor-source/sevenbridges/security/secret-scanning/unblock-secret/3GSN3kgLIEax2Mc4EzDIvAUzGud        
remote:             
remote: 
remote: 
remote: error: GH013: Repository rule violations found for refs/heads/RELEASE_3_9.        
remote: 
remote: - GITHUB PUSH PROTECTION        
remote:   —————————————————————————————————————————        
remote:     Resolve the following violations before pushing again        
remote: 
remote:     - Push cannot contain secrets        
remote: 
remote:             
remote:      (?) Learn how to resolve a blocked push        
remote:      https://docs.github.com/code-security/secret-scanning/working-with-secret-scanning-and-push-protection/working-with-push-protection-from-the-command-line#resolving-a-blocked-push        
remote:             
remote:      (?) This repository does not have Secret Scanning enabled, but is eligible. Enable Secret Scanning to view and manage detected secrets.        
remote:      Visit the repository settings page, https://github.com/bioconductor-source/sevenbridges/settings/security_analysis        
remote:             
remote:             
remote:       —— Amazon AWS Access Key ID ——————————————————————————        
remote:        locations:        
remote:          - commit: 068ce845cbf3dad7aee2331970f133f17b4c92d9        
remote:            path: docs/articles/api.html:1889        
remote:          - commit: eabb1a805a81ba7677b55aa2d1aeb8502a5c1401        
remote:            path: docs/articles/api.html:1908        
remote:          - commit: d6951e451eb15764a62b875296a69031bc8bdd36        
remote:            path: vignettes/api.Rmd:1333        
remote:          - commit: 710b864ffd85af247a4010a279d9383737a2cf01        
remote:            path: vignettes/api.Rmd:1901        
remote:          - commit: b1111e4db1040a6b44a4a727abd5877fddee0222        
remote:            path: vignettes/api.Rmd:1965        
remote:             
remote:        (?) To push, remove secret from commit(s) or follow this URL to allow the secret.        
remote:        https://github.com/bioconductor-source/sevenbridges/security/secret-scanning/unblock-secret/3GSN3iYUPeOjTugQjKTwInm9VfM        
remote:             
remote:             
remote:       —— Amazon AWS Secret Access Key ——————————————————————        
remote:        locations:        
remote:          - commit: 068ce845cbf3dad7aee2331970f133f17b4c92d9        
remote:            path: docs/articles/api.html:1890        
remote:          - commit: eabb1a805a81ba7677b55aa2d1aeb8502a5c1401        
remote:            path: docs/articles/api.html:1909        
remote:          - commit: d6951e451eb15764a62b875296a69031bc8bdd36        
remote:            path: vignettes/api.Rmd:1334        
remote:          - commit: 710b864ffd85af247a4010a279d9383737a2cf01        
remote:            path: vignettes/api.Rmd:1902        
remote:          - commit: b1111e4db1040a6b44a4a727abd5877fddee0222        
remote:            path: vignettes/api.Rmd:1966        
remote:             
remote:        (?) To push, remove secret from commit(s) or follow this URL to allow the secret.        
remote:        https://github.com/bioconductor-source/sevenbridges/security/secret-scanning/unblock-secret/3GSN3kgLIEax2Mc4EzDIvAUzGud        
remote:             
remote: 
remote: 
remote: error: GH013: Repository rule violations found for refs/heads/devel.        
remote: 
remote: - GITHUB PUSH PROTECTION        
remote:   —————————————————————————————————————————        
remote:     Resolve the following violations before pushing again        
remote: 
remote:     - Push cannot contain secrets        
remote: 
remote:             
remote:      (?) Learn how to resolve a blocked push        
remote:      https://docs.github.com/code-security/secret-scanning/working-with-secret-scanning-and-push-protection/working-with-push-protection-from-the-command-line#resolving-a-blocked-push        
remote:             
remote:      (?) This repository does not have Secret Scanning enabled, but is eligible. Enable Secret Scanning to view and manage detected secrets.        
remote:      Visit the repository settings page, https://github.com/bioconductor-source/sevenbridges/settings/security_analysis        
remote:             
remote:             
remote:       —— Amazon AWS Access Key ID ——————————————————————————        
remote:        locations:        
remote:          - commit: 068ce845cbf3dad7aee2331970f133f17b4c92d9        
remote:            path: docs/articles/api.html:1889        
remote:          - commit: eabb1a805a81ba7677b55aa2d1aeb8502a5c1401        
remote:            path: docs/articles/api.html:1908        
remote:          - commit: d6951e451eb15764a62b875296a69031bc8bdd36        
remote:            path: vignettes/api.Rmd:1333        
remote:          - commit: 710b864ffd85af247a4010a279d9383737a2cf01        
remote:            path: vignettes/api.Rmd:1901        
remote:          - commit: b1111e4db1040a6b44a4a727abd5877fddee0222        
remote:            path: vignettes/api.Rmd:1965        
remote:             
remote:        (?) To push, remove secret from commit(s) or follow this URL to allow the secret.        
remote:        https://github.com/bioconductor-source/sevenbridges/security/secret-scanning/unblock-secret/3GSN3iYUPeOjTugQjKTwInm9VfM        
remote:             
remote:             
remote:       —— Amazon AWS Secret Access Key ——————————————————————        
remote:        locations:        
remote:          - commit: 068ce845cbf3dad7aee2331970f133f17b4c92d9        
remote:            path: docs/articles/api.html:1890        
remote:          - commit: eabb1a805a81ba7677b55aa2d1aeb8502a5c1401        
remote:            path: docs/articles/api.html:1909        
remote:          - commit: d6951e451eb15764a62b875296a69031bc8bdd36        
remote:            path: vignettes/api.Rmd:1334        
remote:          - commit: 710b864ffd85af247a4010a279d9383737a2cf01        
remote:            path: vignettes/api.Rmd:1902        
remote:          - commit: b1111e4db1040a6b44a4a727abd5877fddee0222        
remote:            path: vignettes/api.Rmd:1966        
remote:             
remote:        (?) To push, remove secret from commit(s) or follow this URL to allow the secret.        
remote:        https://github.com/bioconductor-source/sevenbridges/security/secret-scanning/unblock-secret/3GSN3kgLIEax2Mc4EzDIvAUzGud        
remote:             
remote: 
remote: 
To github.com:bioconductor-source/sevenbridges.git
 ! [remote rejected] RELEASE_3_10 -> RELEASE_3_10 (push declined due to repository rule violations)
 ! [remote rejected] RELEASE_3_11 -> RELEASE_3_11 (push declined due to repository rule violations)
 ! [remote rejected] RELEASE_3_12 -> RELEASE_3_12 (push declined due to repository rule violations)
 ! [remote rejected] RELEASE_3_13 -> RELEASE_3_13 (push declined due to repository rule violations)
 ! [remote rejected] RELEASE_3_14 -> RELEASE_3_14 (push declined due to repository rule violations)
 ! [remote rejected] RELEASE_3_15 -> RELEASE_3_15 (push declined due to repository rule violations)
 ! [remote rejected] RELEASE_3_16 -> RELEASE_3_16 (push declined due to repository rule violations)
 ! [remote rejected] RELEASE_3_17 -> RELEASE_3_17 (push declined due to repository rule violations)
 ! [remote rejected] RELEASE_3_18 -> RELEASE_3_18 (push declined due to repository rule violations)
 ! [remote rejected] RELEASE_3_19 -> RELEASE_3_19 (push declined due to repository rule violations)
 ! [remote rejected] RELEASE_3_20 -> RELEASE_3_20 (push declined due to repository rule violations)
 ! [remote rejected] RELEASE_3_21 -> RELEASE_3_21 (push declined due to repository rule violations)
 ! [remote rejected] RELEASE_3_22 -> RELEASE_3_22 (push declined due to repository rule violations)
 ! [remote rejected] RELEASE_3_23 -> RELEASE_3_23 (push declined due to repository rule violations)
 ! [remote rejected] RELEASE_3_3 -> RELEASE_3_3 (push declined due to repository rule violations)
 ! [remote rejected] RELEASE_3_4 -> RELEASE_3_4 (push declined due to repository rule violations)
 ! [remote rejected] RELEASE_3_5 -> RELEASE_3_5 (push declined due to repository rule violations)
 ! [remote rejected] RELEASE_3_6 -> RELEASE_3_6 (push declined due to repository rule violations)
 ! [remote rejected] RELEASE_3_7 -> RELEASE_3_7 (push declined due to repository rule violations)
 ! [remote rejected] RELEASE_3_8 -> RELEASE_3_8 (push declined due to repository rule violations)
 ! [remote rejected] RELEASE_3_9 -> RELEASE_3_9 (push declined due to repository rule violations)
 ! [remote rejected] devel -> devel (push declined due to repository rule violations)
error: failed to push some refs to 'github.com:bioconductor-source/sevenbridges.git'

[EXIT CODE] 1

###################################################
Package: scviR
Time: Mon Jul 13 12:40:12 PM EDT 2026
###################################################
[CLONE]
Cloning into bare repository 'scviR.git'...
[PUSH]
remote: error: GH013: Repository rule violations found for refs/heads/devel.        
remote: 
remote: - GITHUB PUSH PROTECTION        
remote:   —————————————————————————————————————————        
remote:     Resolve the following violations before pushing again        
remote: 
remote:     - Push cannot contain secrets        
remote: 
remote:             
remote:      (?) Learn how to resolve a blocked push        
remote:      https://docs.github.com/code-security/secret-scanning/working-with-secret-scanning-and-push-protection/working-with-push-protection-from-the-command-line#resolving-a-blocked-push        
remote:             
remote:      (?) This repository does not have Secret Scanning enabled, but is eligible. Enable Secret Scanning to view and manage detected secrets.        
remote:      Visit the repository settings page, https://github.com/bioconductor-source/scviR/settings/security_analysis        
remote:             
remote:             
remote:       —— GitHub Personal Access Token ——————————————————————        
remote:        locations:        
remote:          - commit: 54f9e7322f26edf43036385c2c515b38aba695d8        
remote:            path: inst/apptest/.Rhistory:85        
remote:             
remote:        (?) To push, remove secret from commit(s) or follow this URL to allow the secret.        
remote:        https://github.com/bioconductor-source/scviR/security/secret-scanning/unblock-secret/3GSN4OjNWLjm5DACerDaJVc3TTY        
remote:             
remote: 
remote: 
remote: error: GH013: Repository rule violations found for refs/heads/RELEASE_3_17.        
remote: 
remote: - GITHUB PUSH PROTECTION        
remote:   —————————————————————————————————————————        
remote:     Resolve the following violations before pushing again        
remote: 
remote:     - Push cannot contain secrets        
remote: 
remote:             
remote:      (?) Learn how to resolve a blocked push        
remote:      https://docs.github.com/code-security/secret-scanning/working-with-secret-scanning-and-push-protection/working-with-push-protection-from-the-command-line#resolving-a-blocked-push        
remote:             
remote:      (?) This repository does not have Secret Scanning enabled, but is eligible. Enable Secret Scanning to view and manage detected secrets.        
remote:      Visit the repository settings page, https://github.com/bioconductor-source/scviR/settings/security_analysis        
remote:             
remote:             
remote:       —— GitHub Personal Access Token ——————————————————————        
remote:        locations:        
remote:          - commit: 54f9e7322f26edf43036385c2c515b38aba695d8        
remote:            path: inst/apptest/.Rhistory:85        
remote:             
remote:        (?) To push, remove secret from commit(s) or follow this URL to allow the secret.        
remote:        https://github.com/bioconductor-source/scviR/security/secret-scanning/unblock-secret/3GSN4OjNWLjm5DACerDaJVc3TTY        
remote:             
remote: 
remote: 
remote: error: GH013: Repository rule violations found for refs/heads/RELEASE_3_18.        
remote: 
remote: - GITHUB PUSH PROTECTION        
remote:   —————————————————————————————————————————        
remote:     Resolve the following violations before pushing again        
remote: 
remote:     - Push cannot contain secrets        
remote: 
remote:             
remote:      (?) Learn how to resolve a blocked push        
remote:      https://docs.github.com/code-security/secret-scanning/working-with-secret-scanning-and-push-protection/working-with-push-protection-from-the-command-line#resolving-a-blocked-push        
remote:             
remote:      (?) This repository does not have Secret Scanning enabled, but is eligible. Enable Secret Scanning to view and manage detected secrets.        
remote:      Visit the repository settings page, https://github.com/bioconductor-source/scviR/settings/security_analysis        
remote:             
remote:             
remote:       —— GitHub Personal Access Token ——————————————————————        
remote:        locations:        
remote:          - commit: 54f9e7322f26edf43036385c2c515b38aba695d8        
remote:            path: inst/apptest/.Rhistory:85        
remote:             
remote:        (?) To push, remove secret from commit(s) or follow this URL to allow the secret.        
remote:        https://github.com/bioconductor-source/scviR/security/secret-scanning/unblock-secret/3GSN4OjNWLjm5DACerDaJVc3TTY        
remote:             
remote: 
remote: 
remote: error: GH013: Repository rule violations found for refs/heads/RELEASE_3_19.        
remote: 
remote: - GITHUB PUSH PROTECTION        
remote:   —————————————————————————————————————————        
remote:     Resolve the following violations before pushing again        
remote: 
remote:     - Push cannot contain secrets        
remote: 
remote:             
remote:      (?) Learn how to resolve a blocked push        
remote:      https://docs.github.com/code-security/secret-scanning/working-with-secret-scanning-and-push-protection/working-with-push-protection-from-the-command-line#resolving-a-blocked-push        
remote:             
remote:      (?) This repository does not have Secret Scanning enabled, but is eligible. Enable Secret Scanning to view and manage detected secrets.        
remote:      Visit the repository settings page, https://github.com/bioconductor-source/scviR/settings/security_analysis        
remote:             
remote:             
remote:       —— GitHub Personal Access Token ——————————————————————        
remote:        locations:        
remote:          - commit: 54f9e7322f26edf43036385c2c515b38aba695d8        
remote:            path: inst/apptest/.Rhistory:85        
remote:             
remote:        (?) To push, remove secret from commit(s) or follow this URL to allow the secret.        
remote:        https://github.com/bioconductor-source/scviR/security/secret-scanning/unblock-secret/3GSN4OjNWLjm5DACerDaJVc3TTY        
remote:             
remote: 
remote: 
remote: error: GH013: Repository rule violations found for refs/heads/RELEASE_3_20.        
remote: 
remote: - GITHUB PUSH PROTECTION        
remote:   —————————————————————————————————————————        
remote:     Resolve the following violations before pushing again        
remote: 
remote:     - Push cannot contain secrets        
remote: 
remote:             
remote:      (?) Learn how to resolve a blocked push        
remote:      https://docs.github.com/code-security/secret-scanning/working-with-secret-scanning-and-push-protection/working-with-push-protection-from-the-command-line#resolving-a-blocked-push        
remote:             
remote:      (?) This repository does not have Secret Scanning enabled, but is eligible. Enable Secret Scanning to view and manage detected secrets.        
remote:      Visit the repository settings page, https://github.com/bioconductor-source/scviR/settings/security_analysis        
remote:             
remote:             
remote:       —— GitHub Personal Access Token ——————————————————————        
remote:        locations:        
remote:          - commit: 54f9e7322f26edf43036385c2c515b38aba695d8        
remote:            path: inst/apptest/.Rhistory:85        
remote:             
remote:        (?) To push, remove secret from commit(s) or follow this URL to allow the secret.        
remote:        https://github.com/bioconductor-source/scviR/security/secret-scanning/unblock-secret/3GSN4OjNWLjm5DACerDaJVc3TTY        
remote:             
remote: 
remote: 
remote: error: GH013: Repository rule violations found for refs/heads/RELEASE_3_21.        
remote: 
remote: - GITHUB PUSH PROTECTION        
remote:   —————————————————————————————————————————        
remote:     Resolve the following violations before pushing again        
remote: 
remote:     - Push cannot contain secrets        
remote: 
remote:             
remote:      (?) Learn how to resolve a blocked push        
remote:      https://docs.github.com/code-security/secret-scanning/working-with-secret-scanning-and-push-protection/working-with-push-protection-from-the-command-line#resolving-a-blocked-push        
remote:             
remote:      (?) This repository does not have Secret Scanning enabled, but is eligible. Enable Secret Scanning to view and manage detected secrets.        
remote:      Visit the repository settings page, https://github.com/bioconductor-source/scviR/settings/security_analysis        
remote:             
remote:             
remote:       —— GitHub Personal Access Token ——————————————————————        
remote:        locations:        
remote:          - commit: 54f9e7322f26edf43036385c2c515b38aba695d8        
remote:            path: inst/apptest/.Rhistory:85        
remote:             
remote:        (?) To push, remove secret from commit(s) or follow this URL to allow the secret.        
remote:        https://github.com/bioconductor-source/scviR/security/secret-scanning/unblock-secret/3GSN4OjNWLjm5DACerDaJVc3TTY        
remote:             
remote: 
remote: 
remote: error: GH013: Repository rule violations found for refs/heads/RELEASE_3_22.        
remote: 
remote: - GITHUB PUSH PROTECTION        
remote:   —————————————————————————————————————————        
remote:     Resolve the following violations before pushing again        
remote: 
remote:     - Push cannot contain secrets        
remote: 
remote:             
remote:      (?) Learn how to resolve a blocked push        
remote:      https://docs.github.com/code-security/secret-scanning/working-with-secret-scanning-and-push-protection/working-with-push-protection-from-the-command-line#resolving-a-blocked-push        
remote:             
remote:      (?) This repository does not have Secret Scanning enabled, but is eligible. Enable Secret Scanning to view and manage detected secrets.        
remote:      Visit the repository settings page, https://github.com/bioconductor-source/scviR/settings/security_analysis        
remote:             
remote:             
remote:       —— GitHub Personal Access Token ——————————————————————        
remote:        locations:        
remote:          - commit: 54f9e7322f26edf43036385c2c515b38aba695d8        
remote:            path: inst/apptest/.Rhistory:85        
remote:             
remote:        (?) To push, remove secret from commit(s) or follow this URL to allow the secret.        
remote:        https://github.com/bioconductor-source/scviR/security/secret-scanning/unblock-secret/3GSN4OjNWLjm5DACerDaJVc3TTY        
remote:             
remote: 
remote: 
remote: error: GH013: Repository rule violations found for refs/heads/RELEASE_3_23.        
remote: 
remote: - GITHUB PUSH PROTECTION        
remote:   —————————————————————————————————————————        
remote:     Resolve the following violations before pushing again        
remote: 
remote:     - Push cannot contain secrets        
remote: 
remote:             
remote:      (?) Learn how to resolve a blocked push        
remote:      https://docs.github.com/code-security/secret-scanning/working-with-secret-scanning-and-push-protection/working-with-push-protection-from-the-command-line#resolving-a-blocked-push        
remote:             
remote:      (?) This repository does not have Secret Scanning enabled, but is eligible. Enable Secret Scanning to view and manage detected secrets.        
remote:      Visit the repository settings page, https://github.com/bioconductor-source/scviR/settings/security_analysis        
remote:             
remote:             
remote:       —— GitHub Personal Access Token ——————————————————————        
remote:        locations:        
remote:          - commit: 54f9e7322f26edf43036385c2c515b38aba695d8        
remote:            path: inst/apptest/.Rhistory:85        
remote:             
remote:        (?) To push, remove secret from commit(s) or follow this URL to allow the secret.        
remote:        https://github.com/bioconductor-source/scviR/security/secret-scanning/unblock-secret/3GSN4OjNWLjm5DACerDaJVc3TTY        
remote:             
remote: 
remote: 
remote: error: GH013: Repository rule violations found for refs/heads/devel-gha.        
remote: 
remote: - GITHUB PUSH PROTECTION        
remote:   —————————————————————————————————————————        
remote:     Resolve the following violations before pushing again        
remote: 
remote:     - Push cannot contain secrets        
remote: 
remote:             
remote:      (?) Learn how to resolve a blocked push        
remote:      https://docs.github.com/code-security/secret-scanning/working-with-secret-scanning-and-push-protection/working-with-push-protection-from-the-command-line#resolving-a-blocked-push        
remote:             
remote:      (?) This repository does not have Secret Scanning enabled, but is eligible. Enable Secret Scanning to view and manage detected secrets.        
remote:      Visit the repository settings page, https://github.com/bioconductor-source/scviR/settings/security_analysis        
remote:             
remote:             
remote:       —— GitHub Personal Access Token ——————————————————————        
remote:        locations:        
remote:          - commit: 54f9e7322f26edf43036385c2c515b38aba695d8        
remote:            path: inst/apptest/.Rhistory:85        
remote:             
remote:        (?) To push, remove secret from commit(s) or follow this URL to allow the secret.        
remote:        https://github.com/bioconductor-source/scviR/security/secret-scanning/unblock-secret/3GSN4OjNWLjm5DACerDaJVc3TTY        
remote:             
remote: 
remote: 
To github.com:bioconductor-source/scviR.git
 ! [remote rejected] devel -> devel (push declined due to repository rule violations)
 ! [remote rejected] RELEASE_3_17 -> RELEASE_3_17 (push declined due to repository rule violations)
 ! [remote rejected] RELEASE_3_18 -> RELEASE_3_18 (push declined due to repository rule violations)
 ! [remote rejected] RELEASE_3_19 -> RELEASE_3_19 (push declined due to repository rule violations)
 ! [remote rejected] RELEASE_3_20 -> RELEASE_3_20 (push declined due to repository rule violations)
 ! [remote rejected] RELEASE_3_21 -> RELEASE_3_21 (push declined due to repository rule violations)
 ! [remote rejected] RELEASE_3_22 -> RELEASE_3_22 (push declined due to repository rule violations)
 ! [remote rejected] RELEASE_3_23 -> RELEASE_3_23 (push declined due to repository rule violations)
 ! [remote rejected] devel-gha -> devel-gha (push declined due to repository rule violations)
error: failed to push some refs to 'github.com:bioconductor-source/scviR.git'

[EXIT CODE] 1

###################################################
Package: h5vc
Time: Mon Jul 13 12:40:18 PM EDT 2026
###################################################
[CLONE]
Cloning into bare repository 'h5vc.git'...
[PUSH]
remote: error: Trace: 9b586bc48645775f2b8dcfff5fe65ca47d141bbf91128675c7335b5727fb71a5        
remote: error: See https://gh.io/lfs for more information.        
remote: error: File data/example.tally.repack.hfs5 is 232.67 MB; this exceeds GitHub's file size limit of 100.00 MB        
remote: error: GH001: Large files detected. You may want to try Git Large File Storage - https://git-lfs.github.com.        
To github.com:bioconductor-source/h5vc.git
 ! [remote rejected] RELEASE_2_13 -> RELEASE_2_13 (pre-receive hook declined)
 ! [remote rejected] RELEASE_2_14 -> RELEASE_2_14 (pre-receive hook declined)
 ! [remote rejected] RELEASE_3_0 -> RELEASE_3_0 (pre-receive hook declined)
 ! [remote rejected] RELEASE_3_1 -> RELEASE_3_1 (pre-receive hook declined)
 ! [remote rejected] RELEASE_3_10 -> RELEASE_3_10 (pre-receive hook declined)
 ! [remote rejected] RELEASE_3_11 -> RELEASE_3_11 (pre-receive hook declined)
 ! [remote rejected] RELEASE_3_12 -> RELEASE_3_12 (pre-receive hook declined)
 ! [remote rejected] RELEASE_3_13 -> RELEASE_3_13 (pre-receive hook declined)
 ! [remote rejected] RELEASE_3_14 -> RELEASE_3_14 (pre-receive hook declined)
 ! [remote rejected] RELEASE_3_15 -> RELEASE_3_15 (pre-receive hook declined)
 ! [remote rejected] RELEASE_3_16 -> RELEASE_3_16 (pre-receive hook declined)
 ! [remote rejected] RELEASE_3_17 -> RELEASE_3_17 (pre-receive hook declined)
 ! [remote rejected] RELEASE_3_18 -> RELEASE_3_18 (pre-receive hook declined)
 ! [remote rejected] RELEASE_3_19 -> RELEASE_3_19 (pre-receive hook declined)
 ! [remote rejected] RELEASE_3_2 -> RELEASE_3_2 (pre-receive hook declined)
 ! [remote rejected] RELEASE_3_20 -> RELEASE_3_20 (pre-receive hook declined)
 ! [remote rejected] RELEASE_3_21 -> RELEASE_3_21 (pre-receive hook declined)
 ! [remote rejected] RELEASE_3_22 -> RELEASE_3_22 (pre-receive hook declined)
 ! [remote rejected] RELEASE_3_23 -> RELEASE_3_23 (pre-receive hook declined)
 ! [remote rejected] RELEASE_3_3 -> RELEASE_3_3 (pre-receive hook declined)
 ! [remote rejected] RELEASE_3_4 -> RELEASE_3_4 (pre-receive hook declined)
 ! [remote rejected] RELEASE_3_5 -> RELEASE_3_5 (pre-receive hook declined)
 ! [remote rejected] RELEASE_3_6 -> RELEASE_3_6 (pre-receive hook declined)
 ! [remote rejected] RELEASE_3_7 -> RELEASE_3_7 (pre-receive hook declined)
 ! [remote rejected] RELEASE_3_8 -> RELEASE_3_8 (pre-receive hook declined)
 ! [remote rejected] RELEASE_3_9 -> RELEASE_3_9 (pre-receive hook declined)
 ! [remote rejected] devel -> devel (pre-receive hook declined)
error: failed to push some refs to 'github.com:bioconductor-source/h5vc.git'

[EXIT CODE] 1

###################################################
Package: Damsel
Time: Mon Jul 13 12:40:29 PM EDT 2026
###################################################
[CLONE]
Cloning into bare repository 'Damsel.git'...
[PUSH]
remote: error: GH013: Repository rule violations found for refs/heads/RELEASE_3_19.        
remote: 
remote: - GITHUB PUSH PROTECTION        
remote:   —————————————————————————————————————————        
remote:     Resolve the following violations before pushing again        
remote: 
remote:     - Push cannot contain secrets        
remote: 
remote:             
remote:      (?) Learn how to resolve a blocked push        
remote:      https://docs.github.com/code-security/secret-scanning/working-with-secret-scanning-and-push-protection/working-with-push-protection-from-the-command-line#resolving-a-blocked-push        
remote:             
remote:      (?) This repository does not have Secret Scanning enabled, but is eligible. Enable Secret Scanning to view and manage detected secrets.        
remote:      Visit the repository settings page, https://github.com/bioconductor-source/Damsel/settings/security_analysis        
remote:             
remote:             
remote:       —— GitHub Personal Access Token ——————————————————————        
remote:        locations:        
remote:          - commit: a1d23320023db99ba0f14d0d368af716e784ade3        
remote:            path: README.md:15        
remote:          - commit: de0276002c6540a4a7ee99272bc2f183a1d8a4e0        
remote:            path: vignettes/my-vignette.Rmd:34        
remote:          - commit: 07dbda5536b823abd3fbf8fe0568e24a013b1c93        
remote:            path: vignettes/my-vignette.Rmd:34        
remote:          - commit: 10ac2d2694f300e4edd646fa347421c8d27b3ae5        
remote:            path: vignettes/my-vignette.Rmd:34        
remote:          - commit: cd3863688927320b552ac65c6c8fcc644ddc10a5        
remote:            path: vignettes/my-vignette.Rmd:34        
remote:             
remote:        (?) To push, remove secret from commit(s) or follow this URL to allow the secret.        
remote:        https://github.com/bioconductor-source/Damsel/security/secret-scanning/unblock-secret/3GSN70CT1FRGEwztJJ5nCLUHekl        
remote:             
remote: 
remote: 
remote: error: GH013: Repository rule violations found for refs/heads/RELEASE_3_20.        
remote: 
remote: - GITHUB PUSH PROTECTION        
remote:   —————————————————————————————————————————        
remote:     Resolve the following violations before pushing again        
remote: 
remote:     - Push cannot contain secrets        
remote: 
remote:             
remote:      (?) Learn how to resolve a blocked push        
remote:      https://docs.github.com/code-security/secret-scanning/working-with-secret-scanning-and-push-protection/working-with-push-protection-from-the-command-line#resolving-a-blocked-push        
remote:             
remote:      (?) This repository does not have Secret Scanning enabled, but is eligible. Enable Secret Scanning to view and manage detected secrets.        
remote:      Visit the repository settings page, https://github.com/bioconductor-source/Damsel/settings/security_analysis        
remote:             
remote:             
remote:       —— GitHub Personal Access Token ——————————————————————        
remote:        locations:        
remote:          - commit: a1d23320023db99ba0f14d0d368af716e784ade3        
remote:            path: README.md:15        
remote:          - commit: de0276002c6540a4a7ee99272bc2f183a1d8a4e0        
remote:            path: vignettes/my-vignette.Rmd:34        
remote:          - commit: 07dbda5536b823abd3fbf8fe0568e24a013b1c93        
remote:            path: vignettes/my-vignette.Rmd:34        
remote:          - commit: 10ac2d2694f300e4edd646fa347421c8d27b3ae5        
remote:            path: vignettes/my-vignette.Rmd:34        
remote:          - commit: cd3863688927320b552ac65c6c8fcc644ddc10a5        
remote:            path: vignettes/my-vignette.Rmd:34        
remote:             
remote:        (?) To push, remove secret from commit(s) or follow this URL to allow the secret.        
remote:        https://github.com/bioconductor-source/Damsel/security/secret-scanning/unblock-secret/3GSN70CT1FRGEwztJJ5nCLUHekl        
remote:             
remote: 
remote: 
remote: error: GH013: Repository rule violations found for refs/heads/RELEASE_3_21.        
remote: 
remote: - GITHUB PUSH PROTECTION        
remote:   —————————————————————————————————————————        
remote:     Resolve the following violations before pushing again        
remote: 
remote:     - Push cannot contain secrets        
remote: 
remote:             
remote:      (?) Learn how to resolve a blocked push        
remote:      https://docs.github.com/code-security/secret-scanning/working-with-secret-scanning-and-push-protection/working-with-push-protection-from-the-command-line#resolving-a-blocked-push        
remote:             
remote:      (?) This repository does not have Secret Scanning enabled, but is eligible. Enable Secret Scanning to view and manage detected secrets.        
remote:      Visit the repository settings page, https://github.com/bioconductor-source/Damsel/settings/security_analysis        
remote:             
remote:             
remote:       —— GitHub Personal Access Token ——————————————————————        
remote:        locations:        
remote:          - commit: a1d23320023db99ba0f14d0d368af716e784ade3        
remote:            path: README.md:15        
remote:          - commit: de0276002c6540a4a7ee99272bc2f183a1d8a4e0        
remote:            path: vignettes/my-vignette.Rmd:34        
remote:          - commit: 07dbda5536b823abd3fbf8fe0568e24a013b1c93        
remote:            path: vignettes/my-vignette.Rmd:34        
remote:          - commit: 10ac2d2694f300e4edd646fa347421c8d27b3ae5        
remote:            path: vignettes/my-vignette.Rmd:34        
remote:          - commit: cd3863688927320b552ac65c6c8fcc644ddc10a5        
remote:            path: vignettes/my-vignette.Rmd:34        
remote:             
remote:        (?) To push, remove secret from commit(s) or follow this URL to allow the secret.        
remote:        https://github.com/bioconductor-source/Damsel/security/secret-scanning/unblock-secret/3GSN70CT1FRGEwztJJ5nCLUHekl        
remote:             
remote: 
remote: 
remote: error: GH013: Repository rule violations found for refs/heads/RELEASE_3_22.        
remote: 
remote: - GITHUB PUSH PROTECTION        
remote:   —————————————————————————————————————————        
remote:     Resolve the following violations before pushing again        
remote: 
remote:     - Push cannot contain secrets        
remote: 
remote:             
remote:      (?) Learn how to resolve a blocked push        
remote:      https://docs.github.com/code-security/secret-scanning/working-with-secret-scanning-and-push-protection/working-with-push-protection-from-the-command-line#resolving-a-blocked-push        
remote:             
remote:      (?) This repository does not have Secret Scanning enabled, but is eligible. Enable Secret Scanning to view and manage detected secrets.        
remote:      Visit the repository settings page, https://github.com/bioconductor-source/Damsel/settings/security_analysis        
remote:             
remote:             
remote:       —— GitHub Personal Access Token ——————————————————————        
remote:        locations:        
remote:          - commit: a1d23320023db99ba0f14d0d368af716e784ade3        
remote:            path: README.md:15        
remote:          - commit: de0276002c6540a4a7ee99272bc2f183a1d8a4e0        
remote:            path: vignettes/my-vignette.Rmd:34        
remote:          - commit: 07dbda5536b823abd3fbf8fe0568e24a013b1c93        
remote:            path: vignettes/my-vignette.Rmd:34        
remote:          - commit: 10ac2d2694f300e4edd646fa347421c8d27b3ae5        
remote:            path: vignettes/my-vignette.Rmd:34        
remote:          - commit: cd3863688927320b552ac65c6c8fcc644ddc10a5        
remote:            path: vignettes/my-vignette.Rmd:34        
remote:             
remote:        (?) To push, remove secret from commit(s) or follow this URL to allow the secret.        
remote:        https://github.com/bioconductor-source/Damsel/security/secret-scanning/unblock-secret/3GSN70CT1FRGEwztJJ5nCLUHekl        
remote:             
remote: 
remote: 
remote: error: GH013: Repository rule violations found for refs/heads/RELEASE_3_23.        
remote: 
remote: - GITHUB PUSH PROTECTION        
remote:   —————————————————————————————————————————        
remote:     Resolve the following violations before pushing again        
remote: 
remote:     - Push cannot contain secrets        
remote: 
remote:             
remote:      (?) Learn how to resolve a blocked push        
remote:      https://docs.github.com/code-security/secret-scanning/working-with-secret-scanning-and-push-protection/working-with-push-protection-from-the-command-line#resolving-a-blocked-push        
remote:             
remote:      (?) This repository does not have Secret Scanning enabled, but is eligible. Enable Secret Scanning to view and manage detected secrets.        
remote:      Visit the repository settings page, https://github.com/bioconductor-source/Damsel/settings/security_analysis        
remote:             
remote:             
remote:       —— GitHub Personal Access Token ——————————————————————        
remote:        locations:        
remote:          - commit: a1d23320023db99ba0f14d0d368af716e784ade3        
remote:            path: README.md:15        
remote:          - commit: de0276002c6540a4a7ee99272bc2f183a1d8a4e0        
remote:            path: vignettes/my-vignette.Rmd:34        
remote:          - commit: 07dbda5536b823abd3fbf8fe0568e24a013b1c93        
remote:            path: vignettes/my-vignette.Rmd:34        
remote:          - commit: 10ac2d2694f300e4edd646fa347421c8d27b3ae5        
remote:            path: vignettes/my-vignette.Rmd:34        
remote:          - commit: cd3863688927320b552ac65c6c8fcc644ddc10a5        
remote:            path: vignettes/my-vignette.Rmd:34        
remote:             
remote:        (?) To push, remove secret from commit(s) or follow this URL to allow the secret.        
remote:        https://github.com/bioconductor-source/Damsel/security/secret-scanning/unblock-secret/3GSN70CT1FRGEwztJJ5nCLUHekl        
remote:             
remote: 
remote: 
remote: error: GH013: Repository rule violations found for refs/heads/devel.        
remote: 
remote: - GITHUB PUSH PROTECTION        
remote:   —————————————————————————————————————————        
remote:     Resolve the following violations before pushing again        
remote: 
remote:     - Push cannot contain secrets        
remote: 
remote:             
remote:      (?) Learn how to resolve a blocked push        
remote:      https://docs.github.com/code-security/secret-scanning/working-with-secret-scanning-and-push-protection/working-with-push-protection-from-the-command-line#resolving-a-blocked-push        
remote:             
remote:      (?) This repository does not have Secret Scanning enabled, but is eligible. Enable Secret Scanning to view and manage detected secrets.        
remote:      Visit the repository settings page, https://github.com/bioconductor-source/Damsel/settings/security_analysis        
remote:             
remote:             
remote:       —— GitHub Personal Access Token ——————————————————————        
remote:        locations:        
remote:          - commit: a1d23320023db99ba0f14d0d368af716e784ade3        
remote:            path: README.md:15        
remote:          - commit: de0276002c6540a4a7ee99272bc2f183a1d8a4e0        
remote:            path: vignettes/my-vignette.Rmd:34        
remote:          - commit: 07dbda5536b823abd3fbf8fe0568e24a013b1c93        
remote:            path: vignettes/my-vignette.Rmd:34        
remote:          - commit: 10ac2d2694f300e4edd646fa347421c8d27b3ae5        
remote:            path: vignettes/my-vignette.Rmd:34        
remote:          - commit: cd3863688927320b552ac65c6c8fcc644ddc10a5        
remote:            path: vignettes/my-vignette.Rmd:34        
remote:             
remote:        (?) To push, remove secret from commit(s) or follow this URL to allow the secret.        
remote:        https://github.com/bioconductor-source/Damsel/security/secret-scanning/unblock-secret/3GSN70CT1FRGEwztJJ5nCLUHekl        
remote:             
remote: 
remote: 
To github.com:bioconductor-source/Damsel.git
 ! [remote rejected] RELEASE_3_19 -> RELEASE_3_19 (push declined due to repository rule violations)
 ! [remote rejected] RELEASE_3_20 -> RELEASE_3_20 (push declined due to repository rule violations)
 ! [remote rejected] RELEASE_3_21 -> RELEASE_3_21 (push declined due to repository rule violations)
 ! [remote rejected] RELEASE_3_22 -> RELEASE_3_22 (push declined due to repository rule violations)
 ! [remote rejected] RELEASE_3_23 -> RELEASE_3_23 (push declined due to repository rule violations)
 ! [remote rejected] devel -> devel (push declined due to repository rule violations)
error: failed to push some refs to 'github.com:bioconductor-source/Damsel.git'

[EXIT CODE] 1

###################################################
Package: SwathXtend
Time: Mon Jul 13 12:40:51 PM EDT 2026
###################################################
[CLONE]
Cloning into bare repository 'SwathXtend.git'...
[PUSH]
remote: warning: File inst/files/Lib2_3.txt is 70.09 MB; this is larger than GitHub's recommended maximum file size of 50.00 MB        
remote: error: Trace: be1b61b4a9e6233748dad4ee457f9f0ebc562f03294bd0db9c510629db2d7563        
remote: error: See https://gh.io/lfs for more information.        
remote: error: File inst/files/Swath_result_ext.xlsx is 293.75 MB; this exceeds GitHub's file size limit of 100.00 MB        
remote: error: GH001: Large files detected. You may want to try Git Large File Storage - https://git-lfs.github.com.        
To github.com:bioconductor-source/SwathXtend.git
 ! [remote rejected] RELEASE_3_10 -> RELEASE_3_10 (pre-receive hook declined)
 ! [remote rejected] RELEASE_3_11 -> RELEASE_3_11 (pre-receive hook declined)
 ! [remote rejected] RELEASE_3_12 -> RELEASE_3_12 (pre-receive hook declined)
 ! [remote rejected] RELEASE_3_13 -> RELEASE_3_13 (pre-receive hook declined)
 ! [remote rejected] RELEASE_3_14 -> RELEASE_3_14 (pre-receive hook declined)
 ! [remote rejected] RELEASE_3_15 -> RELEASE_3_15 (pre-receive hook declined)
 ! [remote rejected] RELEASE_3_16 -> RELEASE_3_16 (pre-receive hook declined)
 ! [remote rejected] RELEASE_3_17 -> RELEASE_3_17 (pre-receive hook declined)
 ! [remote rejected] RELEASE_3_18 -> RELEASE_3_18 (pre-receive hook declined)
 ! [remote rejected] RELEASE_3_19 -> RELEASE_3_19 (pre-receive hook declined)
 ! [remote rejected] RELEASE_3_20 -> RELEASE_3_20 (pre-receive hook declined)
 ! [remote rejected] RELEASE_3_21 -> RELEASE_3_21 (pre-receive hook declined)
 ! [remote rejected] RELEASE_3_22 -> RELEASE_3_22 (pre-receive hook declined)
 ! [remote rejected] RELEASE_3_23 -> RELEASE_3_23 (pre-receive hook declined)
 ! [remote rejected] RELEASE_3_3 -> RELEASE_3_3 (pre-receive hook declined)
 ! [remote rejected] RELEASE_3_4 -> RELEASE_3_4 (pre-receive hook declined)
 ! [remote rejected] RELEASE_3_5 -> RELEASE_3_5 (pre-receive hook declined)
 ! [remote rejected] RELEASE_3_6 -> RELEASE_3_6 (pre-receive hook declined)
 ! [remote rejected] RELEASE_3_7 -> RELEASE_3_7 (pre-receive hook declined)
 ! [remote rejected] RELEASE_3_8 -> RELEASE_3_8 (pre-receive hook declined)
 ! [remote rejected] RELEASE_3_9 -> RELEASE_3_9 (pre-receive hook declined)
 ! [remote rejected] devel -> devel (pre-receive hook declined)
error: failed to push some refs to 'github.com:bioconductor-source/SwathXtend.git'

[EXIT CODE] 1

###################################################
Package: CrcBiomeScreen
Time: Mon Jul 13 12:41:54 PM EDT 2026
###################################################
[CLONE]
Cloning into bare repository 'CrcBiomeScreen.git'...
[PUSH]
remote: error: GH013: Repository rule violations found for refs/heads/RELEASE_3_23.        
remote: 
remote: - GITHUB PUSH PROTECTION        
remote:   —————————————————————————————————————————        
remote:     Resolve the following violations before pushing again        
remote: 
remote:     - Push cannot contain secrets        
remote: 
remote:             
remote:      (?) Learn how to resolve a blocked push        
remote:      https://docs.github.com/code-security/secret-scanning/working-with-secret-scanning-and-push-protection/working-with-push-protection-from-the-command-line#resolving-a-blocked-push        
remote:             
remote:      (?) This repository does not have Secret Scanning enabled, but is eligible. Enable Secret Scanning to view and manage detected secrets.        
remote:      Visit the repository settings page, https://github.com/bioconductor-source/CrcBiomeScreen/settings/security_analysis        
remote:             
remote:             
remote:       —— GitHub Personal Access Token ——————————————————————        
remote:        locations:        
remote:          - commit: ac3159d966c3cfcc285d0044af1694542dbd4d2c        
remote:            path: .Rproj.user/EB8CE87B/ctx/ctx-13595(4)/environment_vars:9        
remote:          - commit: ac3159d966c3cfcc285d0044af1694542dbd4d2c        
remote:            path: .Rproj.user/EB8CE87B/ctx/ctx-20967(2)/environment_vars:6        
remote:          - commit: ac3159d966c3cfcc285d0044af1694542dbd4d2c        
remote:            path: .Rproj.user/EB8CE87B/ctx/ctx-20967(3)/environment_vars:6        
remote:          - commit: ac3159d966c3cfcc285d0044af1694542dbd4d2c        
remote:            path: .Rproj.user/EB8CE87B/ctx/ctx-20967/environment_vars:6        
remote:          - commit: ac3159d966c3cfcc285d0044af1694542dbd4d2c        
remote:            path: .Rproj.user/EB8CE87B/ctx/ctx-32989/environment_vars:6        
remote:             
remote:        (?) To push, remove secret from commit(s) or follow this URL to allow the secret.        
remote:        https://github.com/bioconductor-source/CrcBiomeScreen/security/secret-scanning/unblock-secret/3GSNIaIbgTzYe22gqCL0AAIVfGG        
remote:             
remote:             
remote:       —— GitHub Personal Access Token ——————————————————————        
remote:        locations:        
remote:          - commit: ac3159d966c3cfcc285d0044af1694542dbd4d2c        
remote:            path: .Rhistory:11        
remote:          - commit: ac3159d966c3cfcc285d0044af1694542dbd4d2c        
remote:            path: .Rhistory:131        
remote:          - commit: ac3159d966c3cfcc285d0044af1694542dbd4d2c        
remote:            path: .Rhistory:193        
remote:          - commit: ac3159d966c3cfcc285d0044af1694542dbd4d2c        
remote:            path: .Rhistory:240        
remote:          - commit: ac3159d966c3cfcc285d0044af1694542dbd4d2c        
remote:            path: .Rhistory:275        
remote:             
remote:        (?) To push, remove secret from commit(s) or follow this URL to allow the secret.        
remote:        https://github.com/bioconductor-source/CrcBiomeScreen/security/secret-scanning/unblock-secret/3GSNIWTyEyFn2VKHq8GaaadQeMF        
remote:             
remote: 
remote: 
remote: error: GH013: Repository rule violations found for refs/heads/devel.        
remote: 
remote: - GITHUB PUSH PROTECTION        
remote:   —————————————————————————————————————————        
remote:     Resolve the following violations before pushing again        
remote: 
remote:     - Push cannot contain secrets        
remote: 
remote:             
remote:      (?) Learn how to resolve a blocked push        
remote:      https://docs.github.com/code-security/secret-scanning/working-with-secret-scanning-and-push-protection/working-with-push-protection-from-the-command-line#resolving-a-blocked-push        
remote:             
remote:      (?) This repository does not have Secret Scanning enabled, but is eligible. Enable Secret Scanning to view and manage detected secrets.        
remote:      Visit the repository settings page, https://github.com/bioconductor-source/CrcBiomeScreen/settings/security_analysis        
remote:             
remote:             
remote:       —— GitHub Personal Access Token ——————————————————————        
remote:        locations:        
remote:          - commit: ac3159d966c3cfcc285d0044af1694542dbd4d2c        
remote:            path: .Rproj.user/EB8CE87B/ctx/ctx-13595(4)/environment_vars:9        
remote:          - commit: ac3159d966c3cfcc285d0044af1694542dbd4d2c        
remote:            path: .Rproj.user/EB8CE87B/ctx/ctx-20967(2)/environment_vars:6        
remote:          - commit: ac3159d966c3cfcc285d0044af1694542dbd4d2c        
remote:            path: .Rproj.user/EB8CE87B/ctx/ctx-20967(3)/environment_vars:6        
remote:          - commit: ac3159d966c3cfcc285d0044af1694542dbd4d2c        
remote:            path: .Rproj.user/EB8CE87B/ctx/ctx-20967/environment_vars:6        
remote:          - commit: ac3159d966c3cfcc285d0044af1694542dbd4d2c        
remote:            path: .Rproj.user/EB8CE87B/ctx/ctx-32989/environment_vars:6        
remote:             
remote:        (?) To push, remove secret from commit(s) or follow this URL to allow the secret.        
remote:        https://github.com/bioconductor-source/CrcBiomeScreen/security/secret-scanning/unblock-secret/3GSNIaIbgTzYe22gqCL0AAIVfGG        
remote:             
remote:             
remote:       —— GitHub Personal Access Token ——————————————————————        
remote:        locations:        
remote:          - commit: ac3159d966c3cfcc285d0044af1694542dbd4d2c        
remote:            path: .Rhistory:11        
remote:          - commit: ac3159d966c3cfcc285d0044af1694542dbd4d2c        
remote:            path: .Rhistory:131        
remote:          - commit: ac3159d966c3cfcc285d0044af1694542dbd4d2c        
remote:            path: .Rhistory:193        
remote:          - commit: ac3159d966c3cfcc285d0044af1694542dbd4d2c        
remote:            path: .Rhistory:240        
remote:          - commit: ac3159d966c3cfcc285d0044af1694542dbd4d2c        
remote:            path: .Rhistory:275        
remote:             
remote:        (?) To push, remove secret from commit(s) or follow this URL to allow the secret.        
remote:        https://github.com/bioconductor-source/CrcBiomeScreen/security/secret-scanning/unblock-secret/3GSNIWTyEyFn2VKHq8GaaadQeMF        
remote:             
remote: 
remote: 
To github.com:bioconductor-source/CrcBiomeScreen.git
 ! [remote rejected] RELEASE_3_23 -> RELEASE_3_23 (push declined due to repository rule violations)
 ! [remote rejected] devel -> devel (push declined due to repository rule violations)
error: failed to push some refs to 'github.com:bioconductor-source/CrcBiomeScreen.git'

[EXIT CODE] 1

###################################################
Package: CoSIA
Time: Mon Jul 13 12:42:14 PM EDT 2026
###################################################
[CLONE]
Cloning into bare repository 'CoSIA.git'...
[PUSH]
remote: error: GH013: Repository rule violations found for refs/heads/RELEASE_3_17.        
remote: 
remote: - GITHUB PUSH PROTECTION        
remote:   —————————————————————————————————————————        
remote:     Resolve the following violations before pushing again        
remote: 
remote:     - Push cannot contain secrets        
remote: 
remote:             
remote:      (?) Learn how to resolve a blocked push        
remote:      https://docs.github.com/code-security/secret-scanning/working-with-secret-scanning-and-push-protection/working-with-push-protection-from-the-command-line#resolving-a-blocked-push        
remote:             
remote:      (?) This repository does not have Secret Scanning enabled, but is eligible. Enable Secret Scanning to view and manage detected secrets.        
remote:      Visit the repository settings page, https://github.com/bioconductor-source/CoSIA/settings/security_analysis        
remote:             
remote:             
remote:       —— GitHub Personal Access Token ——————————————————————        
remote:        locations:        
remote:          - commit: 8a5e0965f98f3346bfa9dbcc637899a094dfcd60        
remote:            path: README.md:18        
remote:          - commit: 352761b8df32f081819748dd699005eac4299451        
remote:            path: README.md:18        
remote:          - commit: ec6b01c9bd247deb729c7d93e0b5524785028082        
remote:            path: vignettes/Introduction_to_CoSIA.Rmd:26        
remote:          - commit: 56521380feb0045a80e13228f6b61da9804b89f1        
remote:            path: vignettes/Introduction_to_CoSIA.Rmd:27        
remote:          - commit: ebcb6db3c846bdff8ed77424a4bc2e3d515490a3        
remote:            path: vignettes/Introduction_to_CoSIA.Rmd:27        
remote:             
remote:        (?) To push, remove secret from commit(s) or follow this URL to allow the secret.        
remote:        https://github.com/bioconductor-source/CoSIA/security/secret-scanning/unblock-secret/3GSNKRZGq5pRRwdVx5uBgnvZFIW        
remote:             
remote:             
remote:       —— GitHub Personal Access Token ——————————————————————        
remote:        locations:        
remote:          - commit: 24a264367b59beaccfba57cd7320cbf7728895d2        
remote:            path: vignettes/Introduction_to_CoSIA.Rmd:26        
remote:          - commit: 053065b119ee657579253b83de54ca56e4cea792        
remote:            path: vignettes/Introduction_to_CoSIA.Rmd:26        
remote:          - commit: 310cba46f14564472bd0fe3d03d237a697790d7c        
remote:            path: vignettes/Introduction_to_CoSIA.Rmd:26        
remote:          - commit: acb7e49e4d7e523ee655f623f789781d634adedb        
remote:            path: vignettes/Introduction_to_CoSIA.Rmd:26        
remote:          - commit: 56bfca357e5b92456156b28c29eb1b8be3da8783        
remote:            path: vignettes/Introduction_to_CoSIA.Rmd:26        
remote:             
remote:        (?) To push, remove secret from commit(s) or follow this URL to allow the secret.        
remote:        https://github.com/bioconductor-source/CoSIA/security/secret-scanning/unblock-secret/3GSNKRLBrETrudGwHJDAntVyLOh        
remote:             
remote: 
remote: 
remote: error: GH013: Repository rule violations found for refs/heads/RELEASE_3_18.        
remote: 
remote: - GITHUB PUSH PROTECTION        
remote:   —————————————————————————————————————————        
remote:     Resolve the following violations before pushing again        
remote: 
remote:     - Push cannot contain secrets        
remote: 
remote:             
remote:      (?) Learn how to resolve a blocked push        
remote:      https://docs.github.com/code-security/secret-scanning/working-with-secret-scanning-and-push-protection/working-with-push-protection-from-the-command-line#resolving-a-blocked-push        
remote:             
remote:      (?) This repository does not have Secret Scanning enabled, but is eligible. Enable Secret Scanning to view and manage detected secrets.        
remote:      Visit the repository settings page, https://github.com/bioconductor-source/CoSIA/settings/security_analysis        
remote:             
remote:             
remote:       —— GitHub Personal Access Token ——————————————————————        
remote:        locations:        
remote:          - commit: 8a5e0965f98f3346bfa9dbcc637899a094dfcd60        
remote:            path: README.md:18        
remote:          - commit: 352761b8df32f081819748dd699005eac4299451        
remote:            path: README.md:18        
remote:          - commit: ec6b01c9bd247deb729c7d93e0b5524785028082        
remote:            path: vignettes/Introduction_to_CoSIA.Rmd:26        
remote:          - commit: 56521380feb0045a80e13228f6b61da9804b89f1        
remote:            path: vignettes/Introduction_to_CoSIA.Rmd:27        
remote:          - commit: ebcb6db3c846bdff8ed77424a4bc2e3d515490a3        
remote:            path: vignettes/Introduction_to_CoSIA.Rmd:27        
remote:             
remote:        (?) To push, remove secret from commit(s) or follow this URL to allow the secret.        
remote:        https://github.com/bioconductor-source/CoSIA/security/secret-scanning/unblock-secret/3GSNKRZGq5pRRwdVx5uBgnvZFIW        
remote:             
remote:             
remote:       —— GitHub Personal Access Token ——————————————————————        
remote:        locations:        
remote:          - commit: 24a264367b59beaccfba57cd7320cbf7728895d2        
remote:            path: vignettes/Introduction_to_CoSIA.Rmd:26        
remote:          - commit: 053065b119ee657579253b83de54ca56e4cea792        
remote:            path: vignettes/Introduction_to_CoSIA.Rmd:26        
remote:          - commit: 310cba46f14564472bd0fe3d03d237a697790d7c        
remote:            path: vignettes/Introduction_to_CoSIA.Rmd:26        
remote:          - commit: acb7e49e4d7e523ee655f623f789781d634adedb        
remote:            path: vignettes/Introduction_to_CoSIA.Rmd:26        
remote:          - commit: 56bfca357e5b92456156b28c29eb1b8be3da8783        
remote:            path: vignettes/Introduction_to_CoSIA.Rmd:26        
remote:             
remote:        (?) To push, remove secret from commit(s) or follow this URL to allow the secret.        
remote:        https://github.com/bioconductor-source/CoSIA/security/secret-scanning/unblock-secret/3GSNKRLBrETrudGwHJDAntVyLOh        
remote:             
remote: 
remote: 
remote: error: GH013: Repository rule violations found for refs/heads/RELEASE_3_19.        
remote: 
remote: - GITHUB PUSH PROTECTION        
remote:   —————————————————————————————————————————        
remote:     Resolve the following violations before pushing again        
remote: 
remote:     - Push cannot contain secrets        
remote: 
remote:             
remote:      (?) Learn how to resolve a blocked push        
remote:      https://docs.github.com/code-security/secret-scanning/working-with-secret-scanning-and-push-protection/working-with-push-protection-from-the-command-line#resolving-a-blocked-push        
remote:             
remote:      (?) This repository does not have Secret Scanning enabled, but is eligible. Enable Secret Scanning to view and manage detected secrets.        
remote:      Visit the repository settings page, https://github.com/bioconductor-source/CoSIA/settings/security_analysis        
remote:             
remote:             
remote:       —— GitHub Personal Access Token ——————————————————————        
remote:        locations:        
remote:          - commit: 8a5e0965f98f3346bfa9dbcc637899a094dfcd60        
remote:            path: README.md:18        
remote:          - commit: 352761b8df32f081819748dd699005eac4299451        
remote:            path: README.md:18        
remote:          - commit: ec6b01c9bd247deb729c7d93e0b5524785028082        
remote:            path: vignettes/Introduction_to_CoSIA.Rmd:26        
remote:          - commit: 56521380feb0045a80e13228f6b61da9804b89f1        
remote:            path: vignettes/Introduction_to_CoSIA.Rmd:27        
remote:          - commit: ebcb6db3c846bdff8ed77424a4bc2e3d515490a3        
remote:            path: vignettes/Introduction_to_CoSIA.Rmd:27        
remote:             
remote:        (?) To push, remove secret from commit(s) or follow this URL to allow the secret.        
remote:        https://github.com/bioconductor-source/CoSIA/security/secret-scanning/unblock-secret/3GSNKRZGq5pRRwdVx5uBgnvZFIW        
remote:             
remote:             
remote:       —— GitHub Personal Access Token ——————————————————————        
remote:        locations:        
remote:          - commit: 24a264367b59beaccfba57cd7320cbf7728895d2        
remote:            path: vignettes/Introduction_to_CoSIA.Rmd:26        
remote:          - commit: 053065b119ee657579253b83de54ca56e4cea792        
remote:            path: vignettes/Introduction_to_CoSIA.Rmd:26        
remote:          - commit: 310cba46f14564472bd0fe3d03d237a697790d7c        
remote:            path: vignettes/Introduction_to_CoSIA.Rmd:26        
remote:          - commit: acb7e49e4d7e523ee655f623f789781d634adedb        
remote:            path: vignettes/Introduction_to_CoSIA.Rmd:26        
remote:          - commit: 56bfca357e5b92456156b28c29eb1b8be3da8783        
remote:            path: vignettes/Introduction_to_CoSIA.Rmd:26        
remote:             
remote:        (?) To push, remove secret from commit(s) or follow this URL to allow the secret.        
remote:        https://github.com/bioconductor-source/CoSIA/security/secret-scanning/unblock-secret/3GSNKRLBrETrudGwHJDAntVyLOh        
remote:             
remote: 
remote: 
remote: error: GH013: Repository rule violations found for refs/heads/RELEASE_3_20.        
remote: 
remote: - GITHUB PUSH PROTECTION        
remote:   —————————————————————————————————————————        
remote:     Resolve the following violations before pushing again        
remote: 
remote:     - Push cannot contain secrets        
remote: 
remote:             
remote:      (?) Learn how to resolve a blocked push        
remote:      https://docs.github.com/code-security/secret-scanning/working-with-secret-scanning-and-push-protection/working-with-push-protection-from-the-command-line#resolving-a-blocked-push        
remote:             
remote:      (?) This repository does not have Secret Scanning enabled, but is eligible. Enable Secret Scanning to view and manage detected secrets.        
remote:      Visit the repository settings page, https://github.com/bioconductor-source/CoSIA/settings/security_analysis        
remote:             
remote:             
remote:       —— GitHub Personal Access Token ——————————————————————        
remote:        locations:        
remote:          - commit: 8a5e0965f98f3346bfa9dbcc637899a094dfcd60        
remote:            path: README.md:18        
remote:          - commit: 352761b8df32f081819748dd699005eac4299451        
remote:            path: README.md:18        
remote:          - commit: ec6b01c9bd247deb729c7d93e0b5524785028082        
remote:            path: vignettes/Introduction_to_CoSIA.Rmd:26        
remote:          - commit: 56521380feb0045a80e13228f6b61da9804b89f1        
remote:            path: vignettes/Introduction_to_CoSIA.Rmd:27        
remote:          - commit: ebcb6db3c846bdff8ed77424a4bc2e3d515490a3        
remote:            path: vignettes/Introduction_to_CoSIA.Rmd:27        
remote:             
remote:        (?) To push, remove secret from commit(s) or follow this URL to allow the secret.        
remote:        https://github.com/bioconductor-source/CoSIA/security/secret-scanning/unblock-secret/3GSNKRZGq5pRRwdVx5uBgnvZFIW        
remote:             
remote:             
remote:       —— GitHub Personal Access Token ——————————————————————        
remote:        locations:        
remote:          - commit: 24a264367b59beaccfba57cd7320cbf7728895d2        
remote:            path: vignettes/Introduction_to_CoSIA.Rmd:26        
remote:          - commit: 053065b119ee657579253b83de54ca56e4cea792        
remote:            path: vignettes/Introduction_to_CoSIA.Rmd:26        
remote:          - commit: 310cba46f14564472bd0fe3d03d237a697790d7c        
remote:            path: vignettes/Introduction_to_CoSIA.Rmd:26        
remote:          - commit: acb7e49e4d7e523ee655f623f789781d634adedb        
remote:            path: vignettes/Introduction_to_CoSIA.Rmd:26        
remote:          - commit: 56bfca357e5b92456156b28c29eb1b8be3da8783        
remote:            path: vignettes/Introduction_to_CoSIA.Rmd:26        
remote:             
remote:        (?) To push, remove secret from commit(s) or follow this URL to allow the secret.        
remote:        https://github.com/bioconductor-source/CoSIA/security/secret-scanning/unblock-secret/3GSNKRLBrETrudGwHJDAntVyLOh        
remote:             
remote: 
remote: 
remote: error: GH013: Repository rule violations found for refs/heads/RELEASE_3_21.        
remote: 
remote: - GITHUB PUSH PROTECTION        
remote:   —————————————————————————————————————————        
remote:     Resolve the following violations before pushing again        
remote: 
remote:     - Push cannot contain secrets        
remote: 
remote:             
remote:      (?) Learn how to resolve a blocked push        
remote:      https://docs.github.com/code-security/secret-scanning/working-with-secret-scanning-and-push-protection/working-with-push-protection-from-the-command-line#resolving-a-blocked-push        
remote:             
remote:      (?) This repository does not have Secret Scanning enabled, but is eligible. Enable Secret Scanning to view and manage detected secrets.        
remote:      Visit the repository settings page, https://github.com/bioconductor-source/CoSIA/settings/security_analysis        
remote:             
remote:             
remote:       —— GitHub Personal Access Token ——————————————————————        
remote:        locations:        
remote:          - commit: 8a5e0965f98f3346bfa9dbcc637899a094dfcd60        
remote:            path: README.md:18        
remote:          - commit: 352761b8df32f081819748dd699005eac4299451        
remote:            path: README.md:18        
remote:          - commit: ec6b01c9bd247deb729c7d93e0b5524785028082        
remote:            path: vignettes/Introduction_to_CoSIA.Rmd:26        
remote:          - commit: 56521380feb0045a80e13228f6b61da9804b89f1        
remote:            path: vignettes/Introduction_to_CoSIA.Rmd:27        
remote:          - commit: ebcb6db3c846bdff8ed77424a4bc2e3d515490a3        
remote:            path: vignettes/Introduction_to_CoSIA.Rmd:27        
remote:             
remote:        (?) To push, remove secret from commit(s) or follow this URL to allow the secret.        
remote:        https://github.com/bioconductor-source/CoSIA/security/secret-scanning/unblock-secret/3GSNKRZGq5pRRwdVx5uBgnvZFIW        
remote:             
remote:             
remote:       —— GitHub Personal Access Token ——————————————————————        
remote:        locations:        
remote:          - commit: 24a264367b59beaccfba57cd7320cbf7728895d2        
remote:            path: vignettes/Introduction_to_CoSIA.Rmd:26        
remote:          - commit: 053065b119ee657579253b83de54ca56e4cea792        
remote:            path: vignettes/Introduction_to_CoSIA.Rmd:26        
remote:          - commit: 310cba46f14564472bd0fe3d03d237a697790d7c        
remote:            path: vignettes/Introduction_to_CoSIA.Rmd:26        
remote:          - commit: acb7e49e4d7e523ee655f623f789781d634adedb        
remote:            path: vignettes/Introduction_to_CoSIA.Rmd:26        
remote:          - commit: 56bfca357e5b92456156b28c29eb1b8be3da8783        
remote:            path: vignettes/Introduction_to_CoSIA.Rmd:26        
remote:             
remote:        (?) To push, remove secret from commit(s) or follow this URL to allow the secret.        
remote:        https://github.com/bioconductor-source/CoSIA/security/secret-scanning/unblock-secret/3GSNKRLBrETrudGwHJDAntVyLOh        
remote:             
remote: 
remote: 
remote: error: GH013: Repository rule violations found for refs/heads/RELEASE_3_22.        
remote: 
remote: - GITHUB PUSH PROTECTION        
remote:   —————————————————————————————————————————        
remote:     Resolve the following violations before pushing again        
remote: 
remote:     - Push cannot contain secrets        
remote: 
remote:             
remote:      (?) Learn how to resolve a blocked push        
remote:      https://docs.github.com/code-security/secret-scanning/working-with-secret-scanning-and-push-protection/working-with-push-protection-from-the-command-line#resolving-a-blocked-push        
remote:             
remote:      (?) This repository does not have Secret Scanning enabled, but is eligible. Enable Secret Scanning to view and manage detected secrets.        
remote:      Visit the repository settings page, https://github.com/bioconductor-source/CoSIA/settings/security_analysis        
remote:             
remote:             
remote:       —— GitHub Personal Access Token ——————————————————————        
remote:        locations:        
remote:          - commit: 8a5e0965f98f3346bfa9dbcc637899a094dfcd60        
remote:            path: README.md:18        
remote:          - commit: 352761b8df32f081819748dd699005eac4299451        
remote:            path: README.md:18        
remote:          - commit: ec6b01c9bd247deb729c7d93e0b5524785028082        
remote:            path: vignettes/Introduction_to_CoSIA.Rmd:26        
remote:          - commit: 56521380feb0045a80e13228f6b61da9804b89f1        
remote:            path: vignettes/Introduction_to_CoSIA.Rmd:27        
remote:          - commit: ebcb6db3c846bdff8ed77424a4bc2e3d515490a3        
remote:            path: vignettes/Introduction_to_CoSIA.Rmd:27        
remote:             
remote:        (?) To push, remove secret from commit(s) or follow this URL to allow the secret.        
remote:        https://github.com/bioconductor-source/CoSIA/security/secret-scanning/unblock-secret/3GSNKRZGq5pRRwdVx5uBgnvZFIW        
remote:             
remote:             
remote:       —— GitHub Personal Access Token ——————————————————————        
remote:        locations:        
remote:          - commit: 24a264367b59beaccfba57cd7320cbf7728895d2        
remote:            path: vignettes/Introduction_to_CoSIA.Rmd:26        
remote:          - commit: 053065b119ee657579253b83de54ca56e4cea792        
remote:            path: vignettes/Introduction_to_CoSIA.Rmd:26        
remote:          - commit: 310cba46f14564472bd0fe3d03d237a697790d7c        
remote:            path: vignettes/Introduction_to_CoSIA.Rmd:26        
remote:          - commit: acb7e49e4d7e523ee655f623f789781d634adedb        
remote:            path: vignettes/Introduction_to_CoSIA.Rmd:26        
remote:          - commit: 56bfca357e5b92456156b28c29eb1b8be3da8783        
remote:            path: vignettes/Introduction_to_CoSIA.Rmd:26        
remote:             
remote:        (?) To push, remove secret from commit(s) or follow this URL to allow the secret.        
remote:        https://github.com/bioconductor-source/CoSIA/security/secret-scanning/unblock-secret/3GSNKRLBrETrudGwHJDAntVyLOh        
remote:             
remote: 
remote: 
remote: error: GH013: Repository rule violations found for refs/heads/RELEASE_3_23.        
remote: 
remote: - GITHUB PUSH PROTECTION        
remote:   —————————————————————————————————————————        
remote:     Resolve the following violations before pushing again        
remote: 
remote:     - Push cannot contain secrets        
remote: 
remote:             
remote:      (?) Learn how to resolve a blocked push        
remote:      https://docs.github.com/code-security/secret-scanning/working-with-secret-scanning-and-push-protection/working-with-push-protection-from-the-command-line#resolving-a-blocked-push        
remote:             
remote:      (?) This repository does not have Secret Scanning enabled, but is eligible. Enable Secret Scanning to view and manage detected secrets.        
remote:      Visit the repository settings page, https://github.com/bioconductor-source/CoSIA/settings/security_analysis        
remote:             
remote:             
remote:       —— GitHub Personal Access Token ——————————————————————        
remote:        locations:        
remote:          - commit: 8a5e0965f98f3346bfa9dbcc637899a094dfcd60        
remote:            path: README.md:18        
remote:          - commit: 352761b8df32f081819748dd699005eac4299451        
remote:            path: README.md:18        
remote:          - commit: ec6b01c9bd247deb729c7d93e0b5524785028082        
remote:            path: vignettes/Introduction_to_CoSIA.Rmd:26        
remote:          - commit: 56521380feb0045a80e13228f6b61da9804b89f1        
remote:            path: vignettes/Introduction_to_CoSIA.Rmd:27        
remote:          - commit: ebcb6db3c846bdff8ed77424a4bc2e3d515490a3        
remote:            path: vignettes/Introduction_to_CoSIA.Rmd:27        
remote:             
remote:        (?) To push, remove secret from commit(s) or follow this URL to allow the secret.        
remote:        https://github.com/bioconductor-source/CoSIA/security/secret-scanning/unblock-secret/3GSNKRZGq5pRRwdVx5uBgnvZFIW        
remote:             
remote:             
remote:       —— GitHub Personal Access Token ——————————————————————        
remote:        locations:        
remote:          - commit: 24a264367b59beaccfba57cd7320cbf7728895d2        
remote:            path: vignettes/Introduction_to_CoSIA.Rmd:26        
remote:          - commit: 053065b119ee657579253b83de54ca56e4cea792        
remote:            path: vignettes/Introduction_to_CoSIA.Rmd:26        
remote:          - commit: 310cba46f14564472bd0fe3d03d237a697790d7c        
remote:            path: vignettes/Introduction_to_CoSIA.Rmd:26        
remote:          - commit: acb7e49e4d7e523ee655f623f789781d634adedb        
remote:            path: vignettes/Introduction_to_CoSIA.Rmd:26        
remote:          - commit: 56bfca357e5b92456156b28c29eb1b8be3da8783        
remote:            path: vignettes/Introduction_to_CoSIA.Rmd:26        
remote:             
remote:        (?) To push, remove secret from commit(s) or follow this URL to allow the secret.        
remote:        https://github.com/bioconductor-source/CoSIA/security/secret-scanning/unblock-secret/3GSNKRLBrETrudGwHJDAntVyLOh        
remote:             
remote: 
remote: 
remote: error: GH013: Repository rule violations found for refs/heads/devel.        
remote: 
remote: - GITHUB PUSH PROTECTION        
remote:   —————————————————————————————————————————        
remote:     Resolve the following violations before pushing again        
remote: 
remote:     - Push cannot contain secrets        
remote: 
remote:             
remote:      (?) Learn how to resolve a blocked push        
remote:      https://docs.github.com/code-security/secret-scanning/working-with-secret-scanning-and-push-protection/working-with-push-protection-from-the-command-line#resolving-a-blocked-push        
remote:             
remote:      (?) This repository does not have Secret Scanning enabled, but is eligible. Enable Secret Scanning to view and manage detected secrets.        
remote:      Visit the repository settings page, https://github.com/bioconductor-source/CoSIA/settings/security_analysis        
remote:             
remote:             
remote:       —— GitHub Personal Access Token ——————————————————————        
remote:        locations:        
remote:          - commit: 8a5e0965f98f3346bfa9dbcc637899a094dfcd60        
remote:            path: README.md:18        
remote:          - commit: 352761b8df32f081819748dd699005eac4299451        
remote:            path: README.md:18        
remote:          - commit: ec6b01c9bd247deb729c7d93e0b5524785028082        
remote:            path: vignettes/Introduction_to_CoSIA.Rmd:26        
remote:          - commit: 56521380feb0045a80e13228f6b61da9804b89f1        
remote:            path: vignettes/Introduction_to_CoSIA.Rmd:27        
remote:          - commit: ebcb6db3c846bdff8ed77424a4bc2e3d515490a3        
remote:            path: vignettes/Introduction_to_CoSIA.Rmd:27        
remote:             
remote:        (?) To push, remove secret from commit(s) or follow this URL to allow the secret.        
remote:        https://github.com/bioconductor-source/CoSIA/security/secret-scanning/unblock-secret/3GSNKRZGq5pRRwdVx5uBgnvZFIW        
remote:             
remote:             
remote:       —— GitHub Personal Access Token ——————————————————————        
remote:        locations:        
remote:          - commit: 24a264367b59beaccfba57cd7320cbf7728895d2        
remote:            path: vignettes/Introduction_to_CoSIA.Rmd:26        
remote:          - commit: 053065b119ee657579253b83de54ca56e4cea792        
remote:            path: vignettes/Introduction_to_CoSIA.Rmd:26        
remote:          - commit: 310cba46f14564472bd0fe3d03d237a697790d7c        
remote:            path: vignettes/Introduction_to_CoSIA.Rmd:26        
remote:          - commit: acb7e49e4d7e523ee655f623f789781d634adedb        
remote:            path: vignettes/Introduction_to_CoSIA.Rmd:26        
remote:          - commit: 56bfca357e5b92456156b28c29eb1b8be3da8783        
remote:            path: vignettes/Introduction_to_CoSIA.Rmd:26        
remote:             
remote:        (?) To push, remove secret from commit(s) or follow this URL to allow the secret.        
remote:        https://github.com/bioconductor-source/CoSIA/security/secret-scanning/unblock-secret/3GSNKRLBrETrudGwHJDAntVyLOh        
remote:             
remote: 
remote: 
To github.com:bioconductor-source/CoSIA.git
 ! [remote rejected] RELEASE_3_17 -> RELEASE_3_17 (push declined due to repository rule violations)
 ! [remote rejected] RELEASE_3_18 -> RELEASE_3_18 (push declined due to repository rule violations)
 ! [remote rejected] RELEASE_3_19 -> RELEASE_3_19 (push declined due to repository rule violations)
 ! [remote rejected] RELEASE_3_20 -> RELEASE_3_20 (push declined due to repository rule violations)
 ! [remote rejected] RELEASE_3_21 -> RELEASE_3_21 (push declined due to repository rule violations)
 ! [remote rejected] RELEASE_3_22 -> RELEASE_3_22 (push declined due to repository rule violations)
 ! [remote rejected] RELEASE_3_23 -> RELEASE_3_23 (push declined due to repository rule violations)
 ! [remote rejected] devel -> devel (push declined due to repository rule violations)
error: failed to push some refs to 'github.com:bioconductor-source/CoSIA.git'

[EXIT CODE] 1

###################################################
Package: iModMix
Time: Mon Jul 13 12:42:25 PM EDT 2026
###################################################
[CLONE]
Cloning into bare repository 'iModMix.git'...
[PUSH]
remote: error: GH013: Repository rule violations found for refs/heads/RELEASE_3_22.        
remote: 
remote: - GITHUB PUSH PROTECTION        
remote:   —————————————————————————————————————————        
remote:     Resolve the following violations before pushing again        
remote: 
remote:     - Push cannot contain secrets        
remote: 
remote:             
remote:      (?) Learn how to resolve a blocked push        
remote:      https://docs.github.com/code-security/secret-scanning/working-with-secret-scanning-and-push-protection/working-with-push-protection-from-the-command-line#resolving-a-blocked-push        
remote:             
remote:      (?) This repository does not have Secret Scanning enabled, but is eligible. Enable Secret Scanning to view and manage detected secrets.        
remote:      Visit the repository settings page, https://github.com/bioconductor-source/iModMix/settings/security_analysis        
remote:             
remote:             
remote:       —— GitHub Personal Access Token ——————————————————————        
remote:        locations:        
remote:          - commit: e600132fa22c524bee094d83360e5b7d62006531        
remote:            path: .Rhistory:420        
remote:          - commit: 43bad133c2913ffe0992e1ac7bdbd49244bfc17a        
remote:            path: .Rhistory:464        
remote:          - commit: 43bad133c2913ffe0992e1ac7bdbd49244bfc17a        
remote:            path: .Rhistory:465        
remote:          - commit: 43bad133c2913ffe0992e1ac7bdbd49244bfc17a        
remote:            path: .Rhistory:466        
remote:          - commit: 43bad133c2913ffe0992e1ac7bdbd49244bfc17a        
remote:            path: .Rhistory:467        
remote:             
remote:        (?) To push, remove secret from commit(s) or follow this URL to allow the secret.        
remote:        https://github.com/bioconductor-source/iModMix/security/secret-scanning/unblock-secret/3GSNN807hjyTOyrye0dapMbH70H        
remote:             
remote: 
remote: 
remote: error: GH013: Repository rule violations found for refs/heads/RELEASE_3_23.        
remote: 
remote: - GITHUB PUSH PROTECTION        
remote:   —————————————————————————————————————————        
remote:     Resolve the following violations before pushing again        
remote: 
remote:     - Push cannot contain secrets        
remote: 
remote:             
remote:      (?) Learn how to resolve a blocked push        
remote:      https://docs.github.com/code-security/secret-scanning/working-with-secret-scanning-and-push-protection/working-with-push-protection-from-the-command-line#resolving-a-blocked-push        
remote:             
remote:      (?) This repository does not have Secret Scanning enabled, but is eligible. Enable Secret Scanning to view and manage detected secrets.        
remote:      Visit the repository settings page, https://github.com/bioconductor-source/iModMix/settings/security_analysis        
remote:             
remote:             
remote:       —— GitHub Personal Access Token ——————————————————————        
remote:        locations:        
remote:          - commit: e600132fa22c524bee094d83360e5b7d62006531        
remote:            path: .Rhistory:420        
remote:          - commit: 43bad133c2913ffe0992e1ac7bdbd49244bfc17a        
remote:            path: .Rhistory:464        
remote:          - commit: 43bad133c2913ffe0992e1ac7bdbd49244bfc17a        
remote:            path: .Rhistory:465        
remote:          - commit: 43bad133c2913ffe0992e1ac7bdbd49244bfc17a        
remote:            path: .Rhistory:466        
remote:          - commit: 43bad133c2913ffe0992e1ac7bdbd49244bfc17a        
remote:            path: .Rhistory:467        
remote:             
remote:        (?) To push, remove secret from commit(s) or follow this URL to allow the secret.        
remote:        https://github.com/bioconductor-source/iModMix/security/secret-scanning/unblock-secret/3GSNN807hjyTOyrye0dapMbH70H        
remote:             
remote: 
remote: 
remote: error: GH013: Repository rule violations found for refs/heads/devel.        
remote: 
remote: - GITHUB PUSH PROTECTION        
remote:   —————————————————————————————————————————        
remote:     Resolve the following violations before pushing again        
remote: 
remote:     - Push cannot contain secrets        
remote: 
remote:             
remote:      (?) Learn how to resolve a blocked push        
remote:      https://docs.github.com/code-security/secret-scanning/working-with-secret-scanning-and-push-protection/working-with-push-protection-from-the-command-line#resolving-a-blocked-push        
remote:             
remote:      (?) This repository does not have Secret Scanning enabled, but is eligible. Enable Secret Scanning to view and manage detected secrets.        
remote:      Visit the repository settings page, https://github.com/bioconductor-source/iModMix/settings/security_analysis        
remote:             
remote:             
remote:       —— GitHub Personal Access Token ——————————————————————        
remote:        locations:        
remote:          - commit: e600132fa22c524bee094d83360e5b7d62006531        
remote:            path: .Rhistory:420        
remote:          - commit: 43bad133c2913ffe0992e1ac7bdbd49244bfc17a        
remote:            path: .Rhistory:464        
remote:          - commit: 43bad133c2913ffe0992e1ac7bdbd49244bfc17a        
remote:            path: .Rhistory:465        
remote:          - commit: 43bad133c2913ffe0992e1ac7bdbd49244bfc17a        
remote:            path: .Rhistory:466        
remote:          - commit: 43bad133c2913ffe0992e1ac7bdbd49244bfc17a        
remote:            path: .Rhistory:467        
remote:             
remote:        (?) To push, remove secret from commit(s) or follow this URL to allow the secret.        
remote:        https://github.com/bioconductor-source/iModMix/security/secret-scanning/unblock-secret/3GSNN807hjyTOyrye0dapMbH70H        
remote:             
remote: 
remote: 
To github.com:bioconductor-source/iModMix.git
 ! [remote rejected] RELEASE_3_22 -> RELEASE_3_22 (push declined due to repository rule violations)
 ! [remote rejected] RELEASE_3_23 -> RELEASE_3_23 (push declined due to repository rule violations)
 ! [remote rejected] devel -> devel (push declined due to repository rule violations)
error: failed to push some refs to 'github.com:bioconductor-source/iModMix.git'

[EXIT CODE] 1

###################################################
Package: scafari
Time: Mon Jul 13 12:42:47 PM EDT 2026
###################################################
[CLONE]
Cloning into bare repository 'scafari.git'...
[PUSH]
remote: warning: File inst/extdata/4-cell-lines-AML-multiomics.dna+protein.h5 is 55.02 MB; this is larger than GitHub's recommended maximum file size of 50.00 MB        
remote: warning: File testdata/4-cell-lines-AML-multiomics.dna+protein.h5 is 55.02 MB; this is larger than GitHub's recommended maximum file size of 50.00 MB        
remote: error: Trace: f16e66775e1045288cef311e7341f4db00d8618511febfea8c971c5f549f1bc6        
remote: error: See https://gh.io/lfs for more information.        
remote: error: File input/mart_export_grch38_p14.txt is 153.77 MB; this exceeds GitHub's file size limit of 100.00 MB        
remote: error: File input/MANE.GRCh38.v1.3.ensembl_genomic.gff is 182.43 MB; this exceeds GitHub's file size limit of 100.00 MB        
remote: error: File input/mart_export_grch37_p13.txt is 147.01 MB; this exceeds GitHub's file size limit of 100.00 MB        
remote: error: GH001: Large files detected. You may want to try Git Large File Storage - https://git-lfs.github.com.        
To github.com:bioconductor-source/scafari.git
 ! [remote rejected] RELEASE_3_22 -> RELEASE_3_22 (pre-receive hook declined)
 ! [remote rejected] RELEASE_3_23 -> RELEASE_3_23 (pre-receive hook declined)
 ! [remote rejected] devel -> devel (pre-receive hook declined)
error: failed to push some refs to 'github.com:bioconductor-source/scafari.git'

[EXIT CODE] 1

###################################################
Package: methylationArrayAnalysis
Time: Mon Jul 13 12:43:06 PM EDT 2026
###################################################
[CLONE]
Cloning into bare repository 'methylationArrayAnalysis.git'...
[PUSH]
remote: error: Trace: 214acd9874ffda052ac95be6d4f99052d1888108557216e5078b341d720e9480        
remote: error: See https://gh.io/lfs for more information.        
remote: error: File inst/extdata/ageData.RData is 107.95 MB; this exceeds GitHub's file size limit of 100.00 MB        
remote: error: File inst/extdata/ageData.RData is 208.95 MB; this exceeds GitHub's file size limit of 100.00 MB        
remote: error: GH001: Large files detected. You may want to try Git Large File Storage - https://git-lfs.github.com.        
To github.com:bioconductor-source/methylationArrayAnalysis.git
 ! [remote rejected] RELEASE_3_10 -> RELEASE_3_10 (pre-receive hook declined)
 ! [remote rejected] RELEASE_3_11 -> RELEASE_3_11 (pre-receive hook declined)
 ! [remote rejected] RELEASE_3_12 -> RELEASE_3_12 (pre-receive hook declined)
 ! [remote rejected] RELEASE_3_13 -> RELEASE_3_13 (pre-receive hook declined)
 ! [remote rejected] RELEASE_3_14 -> RELEASE_3_14 (pre-receive hook declined)
 ! [remote rejected] RELEASE_3_15 -> RELEASE_3_15 (pre-receive hook declined)
 ! [remote rejected] RELEASE_3_16 -> RELEASE_3_16 (pre-receive hook declined)
 ! [remote rejected] RELEASE_3_17 -> RELEASE_3_17 (pre-receive hook declined)
 ! [remote rejected] RELEASE_3_18 -> RELEASE_3_18 (pre-receive hook declined)
 ! [remote rejected] RELEASE_3_19 -> RELEASE_3_19 (pre-receive hook declined)
 ! [remote rejected] RELEASE_3_20 -> RELEASE_3_20 (pre-receive hook declined)
 ! [remote rejected] RELEASE_3_21 -> RELEASE_3_21 (pre-receive hook declined)
 ! [remote rejected] RELEASE_3_22 -> RELEASE_3_22 (pre-receive hook declined)
 ! [remote rejected] RELEASE_3_23 -> RELEASE_3_23 (pre-receive hook declined)
 ! [remote rejected] RELEASE_3_4 -> RELEASE_3_4 (pre-receive hook declined)
 ! [remote rejected] RELEASE_3_5 -> RELEASE_3_5 (pre-receive hook declined)
 ! [remote rejected] RELEASE_3_6 -> RELEASE_3_6 (pre-receive hook declined)
 ! [remote rejected] RELEASE_3_7 -> RELEASE_3_7 (pre-receive hook declined)
 ! [remote rejected] RELEASE_3_8 -> RELEASE_3_8 (pre-receive hook declined)
 ! [remote rejected] RELEASE_3_9 -> RELEASE_3_9 (pre-receive hook declined)
 ! [remote rejected] devel -> devel (pre-receive hook declined)
error: failed to push some refs to 'github.com:bioconductor-source/methylationArrayAnalysis.git'

[EXIT CODE] 1

###################################################
Package: proteomics
Time: Mon Jul 13 12:45:12 PM EDT 2026
###################################################
[CLONE]
Cloning into bare repository 'proteomics.git'...
[PUSH]
remote: error: Trace: 016381aefcd854cb9c90ee9c1f61b809f5797e98a815714e7b1c941c6c1da695        
remote: error: See https://gh.io/lfs for more information.        
remote: error: File TMT_Erwinia_1uLSike_Top10HCD_isol2_45stepped_60min_01-20141210.mzXML is 450.61 MB; this exceeds GitHub's file size limit of 100.00 MB        
remote: error: GH001: Large files detected. You may want to try Git Large File Storage - https://git-lfs.github.com.        
To github.com:bioconductor-source/proteomics.git
 ! [remote rejected] RELEASE_2_12 -> RELEASE_2_12 (pre-receive hook declined)
 ! [remote rejected] RELEASE_2_13 -> RELEASE_2_13 (pre-receive hook declined)
 ! [remote rejected] RELEASE_2_14 -> RELEASE_2_14 (pre-receive hook declined)
 ! [remote rejected] RELEASE_3_0 -> RELEASE_3_0 (pre-receive hook declined)
 ! [remote rejected] RELEASE_3_1 -> RELEASE_3_1 (pre-receive hook declined)
 ! [remote rejected] RELEASE_3_10 -> RELEASE_3_10 (pre-receive hook declined)
 ! [remote rejected] RELEASE_3_11 -> RELEASE_3_11 (pre-receive hook declined)
 ! [remote rejected] RELEASE_3_12 -> RELEASE_3_12 (pre-receive hook declined)
 ! [remote rejected] RELEASE_3_13 -> RELEASE_3_13 (pre-receive hook declined)
 ! [remote rejected] RELEASE_3_14 -> RELEASE_3_14 (pre-receive hook declined)
 ! [remote rejected] RELEASE_3_15 -> RELEASE_3_15 (pre-receive hook declined)
 ! [remote rejected] RELEASE_3_2 -> RELEASE_3_2 (pre-receive hook declined)
 ! [remote rejected] RELEASE_3_3 -> RELEASE_3_3 (pre-receive hook declined)
 ! [remote rejected] RELEASE_3_4 -> RELEASE_3_4 (pre-receive hook declined)
 ! [remote rejected] RELEASE_3_5 -> RELEASE_3_5 (pre-receive hook declined)
 ! [remote rejected] RELEASE_3_6 -> RELEASE_3_6 (pre-receive hook declined)
 ! [remote rejected] RELEASE_3_7 -> RELEASE_3_7 (pre-receive hook declined)
 ! [remote rejected] RELEASE_3_8 -> RELEASE_3_8 (pre-receive hook declined)
 ! [remote rejected] RELEASE_3_9 -> RELEASE_3_9 (pre-receive hook declined)
 ! [remote rejected] devel -> devel (pre-receive hook declined)
error: failed to push some refs to 'github.com:bioconductor-source/proteomics.git'

[EXIT CODE] 1

===================================================
Finished: Mon Jul 13 12:46:20 PM EDT 2026
===================================================
